Brand,Model,Type,Vas [L],Qes,Nominal diameter [mm],Nominal diameter [″],URL,Path_TS,Path_FRD,Fs_Hz,Qms,Qts,Re_ohm,Z_ohm,Le_mH,Le_10k_mH,Sd_cm2,Mms_g,Cms_uN,Vas_L,Rms,SPL_dB,Power_W,Pmax_W,Diameter_inch,Diameter_mm,VC_d_mm,Xmax_mm,n0_percent,SPL_1W1m_dB,SPL_2V83_dB,P_nom_W,P_max_W,EBP_Hz,Bl_Tm
-,13FC8,Woofer,6.65,0.41,101.0,3.976377952755906,,loudspeaker_databases/dibirama_LOUDSPEAKER_DB/TS_Params/13FC8 Parametri.xlsx,loudspeaker_databases/dibirama_LOUDSPEAKER_DB/MIDWOOFER_files/RES 13FC8/13FC8 - 0° R.txt,68.8,1.81,0.33,6.63,,0.61,0.27,80.07785000000001,7.3,730.0,6.65,1.7,89.1,80.0,160.0,3.976377952755906,101.0,,3.0,0.503,89.1,89.9,80.0,160.0,167.8048780487805,7.14
-,6ND430-8,Woofer,9.07,0.33,130.0,5.118110236220473,,loudspeaker_databases/dibirama_LOUDSPEAKER_DB/TS_Params/6ND430-8 parametri.xlsx,loudspeaker_databases/dibirama_LOUDSPEAKER_DB/MIDWOOFER_files/eighteen_sound_6nd430-8/6ND430-8 - 0ų R.txt,70.5,4.5,0.31,5.5,,0.34,0.25,132.665,14.0,359.99999999999994,9.07,1.3,91.9,260.0,500.0,5.118110236220473,130.0,44.0,5.0,0.9450000000000001,91.9,93.5,260.0,500.0,213.63636363636363,10.32
-,6NDL38-8,Woofer,8.11,0.44,129.0,5.078740157480315,,loudspeaker_databases/dibirama_LOUDSPEAKER_DB/TS_Params/6NDL38-8 parametri.xlsx,loudspeaker_databases/dibirama_LOUDSPEAKER_DB/MIDWOOFER_files/b-c_speakers_6ndl38-8/6NDL38-8 - 0ų R.txt,69.3,6.01,0.41,5.2,,0.48000000000000004,0.36,130.63185000000001,15.7,340.0,8.11,1.1,89.8,150.0,300.0,5.078740157480315,129.0,38.0,6.0,0.584,89.8,91.7,150.0,300.0,157.5,8.99
-,6NMB420-8,Woofer,6.6,0.36,132.0,5.196850393700788,,loudspeaker_databases/dibirama_LOUDSPEAKER_DB/TS_Params/6NMB420-8 parametri.xlsx,loudspeaker_databases/dibirama_LOUDSPEAKER_DB/MIDWOOFER_files/18_sound_6nmb420-8/6NMB420-8 - 0ų R.txt,92.0,2.7,0.32,5.22,,0.2,0.16,136.77839999999998,12.0,250.0,6.6,3.0,93.4,200.0,260.0,5.196850393700788,132.0,44.0,3.0,1.36,93.4,95.3,200.0,260.0,255.55555555555557,10.03
-,Fountek FW169,Woofer,19.69,0.59,133.0,5.236220472440945,,loudspeaker_databases/dibirama_LOUDSPEAKER_DB/TS_Params/Fountek FW169 parametri.xlsx,loudspeaker_databases/dibirama_LOUDSPEAKER_DB/MIDWOOFER_files/fountek_fw169/FW169 - 0ų R.txt,38.9,2.81,0.49,6.62,,0.44,0.11,138.85865,23.2,719.9999999999999,19.69,2.0,84.8,50.0,100.0,5.236220472440945,133.0,35.0,5.0,0.187,84.8,85.7,50.0,100.0,65.9322033898305,7.98
-,Monacor SP-6-100PA,Woofer,11.880000000000003,0.47,128.0,5.039370078740157,,loudspeaker_databases/dibirama_LOUDSPEAKER_DB/TS_Params/Monacor SP-6-100PA parametri.xlsx,loudspeaker_databases/dibirama_LOUDSPEAKER_DB/FULLRANGE_files/ciare_pa100/PA100 - 0ų R.txt,59.5,6.1,0.44,6.61,,0.32,0.22,128.61440000000002,14.1,510.00000000000006,11.880000000000003,0.9,89.2,100.0,200.0,5.039370078740157,128.0,40.0,0.75,0.507,89.2,90.0,100.0,200.0,126.59574468085107,8.61
-,Monacor SP-6-108pro,Woofer,24.32,0.38,132.0,5.196850393700788,,loudspeaker_databases/dibirama_LOUDSPEAKER_DB/TS_Params/Monacor SP-6-108pro parametri.xlsx,loudspeaker_databases/dibirama_LOUDSPEAKER_DB/MIDWOOFER_files/monacor_sp-6-108pro/SP6108PRO - 0ų R.txt,46.6,4.2,0.35,5.7,,0.67,0.34,136.77839999999998,12.7,920.0,24.32,0.9,90.0,100.0,150.0,5.196850393700788,132.0,30.0,3.0,0.616,90.0,91.5,100.0,150.0,122.63157894736842,7.47
-,Monacor SPE-158-WS,Woofer,2.7300000000000004,2.3,110.0,4.330708661417323,,loudspeaker_databases/dibirama_LOUDSPEAKER_DB/TS_Params/Monacor SPE-158-WS parametri.xlsx,loudspeaker_databases/dibirama_LOUDSPEAKER_DB/FULLRANGE_files/monacor_spe-158ws/SPE-158WS - 0ų R.txt,130.0,4.0,1.35,6.5,,,0.24000000000000002,94.985,7.0,210.0,2.7300000000000004,1.4,86.6,15.0,30.0,4.330708661417323,110.0,,,0.281,86.6,87.5,15.0,30.0,56.52173913043479,4.27
-,Monacor SPH-100AL,Woofer,2.15,0.86,83.0,3.2677165354330713,,loudspeaker_databases/dibirama_LOUDSPEAKER_DB/TS_Params/Monacor SPH-100AL parametri.xlsx,loudspeaker_databases/dibirama_LOUDSPEAKER_DB/MIDWOOFER_files/monacor_sph-100al/SPH-100AL - 0ų R.txt,91.6,3.1,0.67,6.1,,0.37,0.18,54.07865000000001,5.8,520.0000000000001,2.15,1.1,84.7,40.0,80.0,3.2677165354330713,83.0,25.0,1.5,0.183,84.7,85.9,40.0,80.0,106.51162790697674,4.87
-,Monacor SPH-130,Woofer,9.03,0.61,100.0,3.937007874015748,,loudspeaker_databases/dibirama_LOUDSPEAKER_DB/TS_Params/Monacor SPH-130 parametri.xlsx,loudspeaker_databases/dibirama_LOUDSPEAKER_DB/MIDWOOFER_files/monacor_sph-130/SPH-130 - 0ų R.txt,55.3,2.78,0.5,5.52,,0.47,0.21000000000000002,78.50000000000001,8.0,1040.0000000000002,9.03,1.0,85.9,55.0,80.0,3.937007874015748,100.0,25.0,2.0,0.365,85.9,87.5,55.0,80.0,90.65573770491802,5.02
-,Monacor SPH-135C,Woofer,14.920000000000002,0.33,110.0,4.330708661417323,,loudspeaker_databases/dibirama_LOUDSPEAKER_DB/TS_Params/Monacor SPH-135C parametri.xlsx,loudspeaker_databases/dibirama_LOUDSPEAKER_DB/MIDWOOFER_files/monacor_sph-135c/SPH-135C - 0ų R.txt,34.7,3.55,0.3,6.0,,0.77,0.42000000000000004,94.985,18.000000000000004,1170.0,14.920000000000002,1.1,84.7,50.0,80.0,4.330708661417323,110.0,35.50000000000001,3.5,0.18,84.7,85.9,50.0,80.0,105.15151515151516,8.45
-,Monacor SPH-145HQ,Woofer,8.51,0.51,101.0,3.976377952755906,,loudspeaker_databases/dibirama_LOUDSPEAKER_DB/TS_Params/Monacor SPH-145HQ parametri.xlsx,loudspeaker_databases/dibirama_LOUDSPEAKER_DB/MIDWOOFER_files/Monacor SPH-145HQ/SPH145HQ  - 0ų R.txt,60.0,2.65,0.43,5.69,,0.57,0.26,80.07785,7.5,940.0,8.51,1.1,87.5,50.0,100.0,3.976377952755906,101.0,25.0,3.5,0.343,87.5,88.9,50.0,100.0,117.6470588235294,5.62
-,Monacor SPH-165,Woofer,20.78,0.25,129.0,5.078740157480315,,loudspeaker_databases/dibirama_LOUDSPEAKER_DB/TS_Params/Monacor SPH-165 parametri.xlsx,loudspeaker_databases/dibirama_LOUDSPEAKER_DB/MIDWOOFER_files/monacor_sph-165/SPH-165 - 0ų R.txt,36.5,2.28,0.23,6.49,,1.3000000000000003,0.52,130.63185000000001,22.1,860.0,20.78,2.2,88.0,50.0,100.0,5.078740157480315,129.0,35.50000000000001,3.5,0.385,88.0,88.9,50.0,100.0,146.0,11.47
-,Monacor SPH-165CP,Woofer,19.51,0.76,129.0,5.078740157480315,,loudspeaker_databases/dibirama_LOUDSPEAKER_DB/TS_Params/Monacor SPH-165CP parametri.xlsx,loudspeaker_databases/dibirama_LOUDSPEAKER_DB/MIDWOOFER_files/monacor_sph-165cp/SPH-165CP - 0ų R.txt,46.5,2.61,0.59,6.43,,0.5,0.25,130.63185000000001,14.5,810.0000000000001,19.51,1.6,86.0,50.0,80.0,5.078740157480315,129.0,25.0,3.0,0.365,86.0,87.0,50.0,80.0,61.18421052631579,5.99
-,Monacor SPH-170,Woofer,22.0,0.35,128.0,5.039370078740157,,loudspeaker_databases/dibirama_LOUDSPEAKER_DB/TS_Params/Monacor SPH-170 parametri.xlsx,loudspeaker_databases/dibirama_LOUDSPEAKER_DB/MIDWOOFER_files/MONACOR SPH-170/SPH-170 - 0ų R.txt,35.83,5.5,0.33,6.07,,0.7800000000000001,0.41,128.61440000000002,21.0,940.0,22.0,0.9,86.5,80.0,120.0,5.039370078740157,128.0,50.0,4.75,0.275,86.5,87.7,80.0,120.0,102.37142857142857,9.05
-,Monacor SPH-175HQ,Woofer,21.82,0.6,131.0,5.1574803149606305,,loudspeaker_databases/dibirama_LOUDSPEAKER_DB/TS_Params/Monacor SPH-175HQ parametri.xlsx,loudspeaker_databases/dibirama_LOUDSPEAKER_DB/MIDWOOFER_files/monacor_sph-175hq0/SPH-175HQ - 0ų R.txt,47.0,3.15,0.5,6.55,,0.71,0.34,134.71385,13.5,850.0,21.82,1.4,87.7,70.0,120.0,5.1574803149606305,131.0,25.0,5.5,0.359,87.7,88.5,70.0,120.0,78.33333333333334,6.6
-,Monacor SPH-176,Woofer,24.09,0.54,133.0,5.236220472440945,,loudspeaker_databases/dibirama_LOUDSPEAKER_DB/TS_Params/Monacor SPH-176 parametri.xlsx,loudspeaker_databases/dibirama_LOUDSPEAKER_DB/MIDWOOFER_files/monacor_sph-176/SPH-176 - 0ų R.txt,46.1,2.6,0.45,6.4,,0.8,0.34,138.85865,13.5,880.0,24.09,1.5,88.3,70.0,120.0,5.236220472440945,133.0,25.0,5.5,0.416,88.3,89.3,70.0,120.0,85.37037037037037,6.81
-,Monacor SPH-5M,Woofer,12.21,0.48,108.0,4.251968503937008,,loudspeaker_databases/dibirama_LOUDSPEAKER_DB/TS_Params/Monacor SPH-5M parametri.xlsx,loudspeaker_databases/dibirama_LOUDSPEAKER_DB/MIDWOOFER_files/monacor_sph-5m/SPH-5M - 0ų.txt,47.1,2.84,0.41,6.36,,0.44,0.23,91.56240000000001,11.1,1030.0,12.21,1.2,86.1,40.0,80.0,4.251968503937008,108.0,25.0,3.5,0.253,86.1,87.1,40.0,80.0,98.125,6.6
-,Monacor SPH-6M,Woofer,18.95,0.39,128.0,5.039370078740157,,loudspeaker_databases/dibirama_LOUDSPEAKER_DB/TS_Params/Monacor SPH-6M parametri.xlsx,loudspeaker_databases/dibirama_LOUDSPEAKER_DB/MIDWOOFER_files/monacor_sph-6m/SPH-6M - 0ų R.txt,38.6,2.18,0.33,6.72,,0.82,0.32,128.0,21.0,810.0000000000001,18.95,2.3,86.4,60.0,120.0,5.039370078740157,128.0,37.0,4.0,0.266,86.4,87.1,60.0,120.0,98.97435897435898,9.37
-,Monacor SPM-165-8,Woofer,19.07,0.72,132.0,5.196850393700788,,loudspeaker_databases/dibirama_LOUDSPEAKER_DB/TS_Params/Monacor SPM-165-8 parametri.xlsx,loudspeaker_databases/dibirama_LOUDSPEAKER_DB/MIDWOOFER_files/monacor_spm-165-8/SPM-165-8 - 0ų R.txt,52.6,2.91,0.58,7.26,,0.6500000000000001,0.28,136.77839999999998,12.71,719.9999999999999,19.07,2.2,87.8,60.0,150.0,5.196850393700788,132.0,25.500000000000004,3.0,0.367,87.8,88.2,60.0,150.0,73.05555555555556,6.51
-,Monacor SPX-31M,Woofer,1.05,0.7,59.7,2.350393700787402,,loudspeaker_databases/dibirama_LOUDSPEAKER_DB/TS_Params/Monacor SPX-31M parametri.xlsx,loudspeaker_databases/dibirama_LOUDSPEAKER_DB/FULLRANGE_files/monacor_spx-31m/SPX-31M - 0ų R.txt,110.0,4.7,0.61,6.49,,0.2,0.16,27.978106500000013,2.2,950.0,1.05,0.3,84.9,20.0,40.0,2.350393700787402,59.7,20.0,1.1,0.191,84.9,85.8,20.0,40.0,157.14285714285714,3.75
-,10F-4424G00,Woofer,1.07,0.48,67.0,2.6377952755905514,,loudspeaker_databases/dibirama_LOUDSPEAKER_DB/TS_Params/Parametri 10F-4424G00.xlsx,loudspeaker_databases/dibirama_LOUDSPEAKER_DB/FULLRANGE_files/scan_speak_10f-4424g00/10F4224G00 - 0ų R.txt,118.0,2.8,0.41,3.21,,0.030000000000000002,0.04,35.23865,3.0,610.0,1.07,0.8,87.5,15.0,30.0,2.6377952755905514,67.0,20.0,2.6000000000000005,0.347,87.5,91.5,15.0,30.0,245.83333333333334,3.86
-,10F-8424G00,Woofer,0.9600000000000001,0.57,67.0,2.6377952755905514,,loudspeaker_databases/dibirama_LOUDSPEAKER_DB/TS_Params/Parametri 10F-8424G00.xlsx,loudspeaker_databases/dibirama_LOUDSPEAKER_DB/FULLRANGE_files/scan_speak_10f-8424g00/10F-8424G00 - 0ų R.txt,130.0,2.57,0.47,5.4,,0.030000000000000002,0.04,35.23865,2.74,550.0,0.9600000000000001,0.9,87.6,15.0,30.0,2.6377952755905514,67.0,20.0,2.6000000000000005,0.353,87.6,89.3,15.0,30.0,228.07017543859652,4.6
-,12HP1020,Woofer,34.89000000000001,0.26,127.0,5.0,,loudspeaker_databases/dibirama_LOUDSPEAKER_DB/TS_Params/Parametri 12HP1020.xlsx,loudspeaker_databases/dibirama_LOUDSPEAKER_DB/WOOFER_files/faital_12hp1020/12HP1020 - 0ų R.txt,56.5,7.55,0.25,5.53,,1.5500000000000003,0.57,498.76000000000005,80.0,100.0,34.89000000000001,3.8,95.8,700.0,1400.0,5.0,127.0,100.0,9.000000000000002,2.316,95.8,97.4,700.0,1400.0,217.3076923076923,24.65
-,12W-4524G00,Woofer,4.53,0.41,86.0,3.3858267716535435,,loudspeaker_databases/dibirama_LOUDSPEAKER_DB/TS_Params/Parametri 12W-4524G00.xlsx,loudspeaker_databases/dibirama_LOUDSPEAKER_DB/MIDWOOFER_files/scan_speak_12w-4524g00/12W-4524G00 - 0ų R.txt,69.0,2.4,0.35,2.98,,0.35,0.19,58.058600000000006,5.6,950.0,4.53,1.0,87.5,40.0,70.0,3.3858267716535435,86.0,25.0,3.0,0.346,87.5,91.8,40.0,70.0,168.2926829268293,4.2
-,12W-8524G00,Woofer,4.4,0.5,86.0,3.3858267716535435,,loudspeaker_databases/dibirama_LOUDSPEAKER_DB/TS_Params/Parametri 12W-8524G00.xlsx,loudspeaker_databases/dibirama_LOUDSPEAKER_DB/MIDWOOFER_files/Scan 12W-8524G00/12W-8524G00 - 0ų R.txt,70.5,3.38,0.44,5.6,,0.46,0.29,58.058600000000006,5.53,920.0,4.4,0.7,86.8,40.0,70.0,3.3858267716535435,86.0,25.0,3.0,0.293,86.8,88.3,40.0,70.0,141.0,5.24
-,13KLV5A,Woofer,6.77,0.48,103.00000000000001,4.055118110236221,,loudspeaker_databases/dibirama_LOUDSPEAKER_DB/TS_Params/Parametri 13KLV5A.xlsx,loudspeaker_databases/dibirama_LOUDSPEAKER_DB/MIDWOOFER_files/davis_13klv5a/13KLV5A - 0ų R.txt,67.9,2.63,0.41,6.3,,0.57,0.25,83.28065000000002,7.97,690.0,6.77,1.3,88.3,50.0,80.0,4.055118110236221,103.00000000000001,26.000000000000004,3.0,0.42,88.3,89.4,50.0,80.0,141.45833333333334,6.68
-,13LB25AL,Woofer,8.96,0.25,97.0,3.818897637795276,,loudspeaker_databases/dibirama_LOUDSPEAKER_DB/TS_Params/Parametri 13LB25AL.xlsx,loudspeaker_databases/dibirama_LOUDSPEAKER_DB/FULLRANGE_files/audax_13lb25al/13LB25AL - 0ų R.txt,78.8,5.2,0.24,5.65,,0.12000000000000001,0.22,73.86064999999999,3.51,1160.0,8.96,0.3,94.3,25.0,50.0,3.818897637795276,97.0,25.0,1.75,1.659,94.3,95.8,25.0,50.0,315.2,6.25
-,15W-4434G00,Woofer,4.9,0.4,102.00000000000001,4.015748031496063,,loudspeaker_databases/dibirama_LOUDSPEAKER_DB/TS_Params/Parametri 15W-4434G00.xlsx,loudspeaker_databases/dibirama_LOUDSPEAKER_DB/MIDWOOFER_files/scan_speak_15w-4434g00/15W-4434G00 - 0ų.txt,71.7,2.8,0.35,2.85,,0.27,0.19,81.67139999999999,9.5,520.0000000000001,4.9,1.5,88.4,60.0,120.0,4.015748031496063,102.00000000000001,32.0,4.3,0.42899999999999994,88.4,92.9,60.0,120.0,179.25,5.52
-,15W-4531G00,Woofer,11.72,0.47,113.0,4.448818897637795,,loudspeaker_databases/dibirama_LOUDSPEAKER_DB/TS_Params/Parametri 15W-4531G00.xlsx,loudspeaker_databases/dibirama_LOUDSPEAKER_DB/MIDWOOFER_files/scan_speak_15w-4531g00/15W-4531G00 - 0ų R.txt,49.0,5.8,0.43,3.5,,0.16,0.14,100.23665000000001,12.8,820.0,11.72,0.7,86.6,60.0,120.0,4.448818897637795,113.0,32.0,6.500000000000001,0.279,86.6,90.2,60.0,120.0,104.25531914893618,5.42
-,15W-8434G00,Woofer,5.29,0.46,102.00000000000001,4.015748031496063,,loudspeaker_databases/dibirama_LOUDSPEAKER_DB/TS_Params/Parametri 15W-8434G00.xlsx,loudspeaker_databases/dibirama_LOUDSPEAKER_DB/MIDWOOFER_files/scan_speak_15w-8434g00/15W-8434G00 - 0ų R.txt,71.7,3.46,0.41,5.63,,0.43,0.3,81.67139999999999,8.8,560.0000000000001,5.29,1.1,88.2,60.0,120.0,4.015748031496063,102.00000000000001,32.0,4.2,0.4030000000000001,88.2,89.7,60.0,120.0,155.8695652173913,6.97
-,15W-8530K00,Woofer,13.440000000000001,0.45,113.0,4.448818897637795,,loudspeaker_databases/dibirama_LOUDSPEAKER_DB/TS_Params/Parametri 15W-8530K00.xlsx,loudspeaker_databases/dibirama_LOUDSPEAKER_DB/MIDWOOFER_files/SCAN 15W-8530K00/15W-8530K00 - 0ų R.txt,43.0,4.5,0.41,5.8,,0.31,0.19,100.23665000000001,14.5,940.0,13.440000000000001,0.9,85.7,60.0,110.0,4.448818897637795,113.0,38.0,6.500000000000001,0.22599999999999998,85.7,87.1,60.0,110.0,95.55555555555556,7.11
-,165GMF-8,Woofer,24.04,0.38,136.0,5.354330708661418,,loudspeaker_databases/dibirama_LOUDSPEAKER_DB/TS_Params/Parametri 165GMF-8.xlsx,loudspeaker_databases/dibirama_LOUDSPEAKER_DB/MIDWOOFER_files/supravox_165gmf/165GMF - 0ų R.txt,73.0,6.7,0.36,5.53,,0.31,0.23,145.1936,5.9,810.0000000000001,24.04,0.4,95.8,35.0,70.0,5.354330708661418,136.0,,6.0,2.34,95.8,97.4,35.0,70.0,192.10526315789474,6.28
-,165LB-8,Woofer,32.1,0.37,138.0,5.433070866141733,,loudspeaker_databases/dibirama_LOUDSPEAKER_DB/TS_Params/Parametri 165LB-8.xlsx,loudspeaker_databases/dibirama_LOUDSPEAKER_DB/FULLRANGE_files/supravox_165lb/165LB - 0ų R.txt,64.5,3.3,0.33,4.09,,0.2,0.12000000000000001,149.49540000000002,6.0,1010.0,32.1,0.7,95.6,35.0,70.0,5.433070866141733,138.0,,6.0,2.236,95.6,98.5,35.0,70.0,174.32432432432432,5.2
-,18W-4434G00,Woofer,19.18,0.4,132.0,5.196850393700788,,loudspeaker_databases/dibirama_LOUDSPEAKER_DB/TS_Params/Parametri 18W-4434G00.xlsx,loudspeaker_databases/dibirama_LOUDSPEAKER_DB/MIDWOOFER_files/SCAN SPEAK 18W-4434G00/18W-4434G00 - 0ų R.txt,49.8,5.0,0.37,3.02,,0.3,0.19,136.77839999999998,14.1,719.9999999999999,19.18,0.9,89.6,55.0,170.0,5.196850393700788,132.0,32.0,4.3,0.564,89.6,93.9,55.0,170.0,124.49999999999999,5.77
-,18W-4531G00,Woofer,39.92,0.46,142.00000000000003,5.590551181102363,,loudspeaker_databases/dibirama_LOUDSPEAKER_DB/TS_Params/Parametri 18W-4531G00.xlsx,loudspeaker_databases/dibirama_LOUDSPEAKER_DB/MIDWOOFER_files/scan_speak_18w-4531g00/18W-4531G00 - 0ų R.txt,37.5,4.9,0.42,3.38,,0.18,0.15,158.28740000000002,16.0,1130.0,39.92,0.8,88.5,70.0,140.0,5.590551181102363,142.00000000000003,38.0,6.500000000000001,0.436,88.5,92.2,70.0,140.0,81.52173913043478,5.26
-,18W-4531G01,Woofer,28.2,0.43,142.00000000000003,5.590551181102363,,loudspeaker_databases/dibirama_LOUDSPEAKER_DB/TS_Params/Parametri 18W-4531G01.xlsx,loudspeaker_databases/dibirama_LOUDSPEAKER_DB/MIDWOOFER_files/scan_speak_18w-4531g01/18W-4531G01 - 0ų R.txt,44.9,1.9,0.35,5.67,,0.23,0.08,158.28740000000002,15.8,800.0,28.2,2.3,89.6,70.0,140.0,5.590551181102363,142.00000000000003,42.0,6.500000000000001,0.566,89.6,91.1,70.0,140.0,104.4186046511628,7.68
-,18W-8424G00,Woofer,23.7,0.52,134.0,5.275590551181103,,loudspeaker_databases/dibirama_LOUDSPEAKER_DB/TS_Params/Parametri 18W-8424G00.xlsx,loudspeaker_databases/dibirama_LOUDSPEAKER_DB/MIDWOOFER_files/scan_speak_18w-8424g00/18W-8424G00 - 0ų R.txt,51.35,3.53,0.45,5.7,,0.48000000000000004,0.27,140.9546,11.4,840.0,23.7,1.0,89.8,50.0,110.0,5.275590551181103,134.0,25.0,2.6000000000000005,0.587,89.8,91.3,50.0,110.0,98.75,6.35
-,18W-8434G00,Woofer,19.23,0.52,133.0,5.236220472440945,,loudspeaker_databases/dibirama_LOUDSPEAKER_DB/TS_Params/Parametri 18W-8434G00.xlsx,loudspeaker_databases/dibirama_LOUDSPEAKER_DB/MIDWOOFER_files/Scan 18W-8434G00/18W-8434G00 - 0ų R.txt,53.0,3.8,0.46,5.65,,0.44,0.3,138.85865,12.8,700.0,19.23,1.1,89.3,55.0,170.0,5.236220472440945,133.0,32.0,4.2,0.524,89.3,90.8,55.0,170.0,101.92307692307692,6.81
-,18W-8535-01,Woofer,47.6,0.55,139.0,5.472440944881891,,loudspeaker_databases/dibirama_LOUDSPEAKER_DB/TS_Params/Parametri 18W-8535-01.xlsx,loudspeaker_databases/dibirama_LOUDSPEAKER_DB/MIDWOOFER_files/Scan 18W-8434G00/18W-8434G00 - 0ų R.txt,32.5,2.4,0.45,5.9,,0.3,0.17,151.66985000000003,16.0,1500.0,47.6,1.4,86.6,70.0,190.0,5.472440944881891,139.0,38.0,5.0,0.283,86.6,88.0,70.0,190.0,59.090909090909086,5.92
-,18W-8542-00,Woofer,28.2,0.43,142.00000000000003,5.590551181102363,,loudspeaker_databases/dibirama_LOUDSPEAKER_DB/TS_Params/Parametri 18W-8542-00.xlsx,loudspeaker_databases/dibirama_LOUDSPEAKER_DB/MIDWOOFER_files/Scan 18W-8434G00/18W-8434G00 - 0ų R.txt,44.9,1.9,0.35,5.67,,0.23,0.08,158.28740000000002,15.8,800.0,28.2,2.3,89.6,70.0,140.0,5.590551181102363,142.00000000000003,42.0,6.500000000000001,0.566,89.6,91.1,70.0,140.0,104.4186046511628,7.68
-,18W-8542-10,Woofer,29.06,0.41,135.0,5.31496062992126,,loudspeaker_databases/dibirama_LOUDSPEAKER_DB/TS_Params/Parametri 18W-8542-10.xlsx,loudspeaker_databases/dibirama_LOUDSPEAKER_DB/MIDWOOFER_files/Scan 18W-8434G00/18W-8434G00 - 0ų R.txt,39.0,1.78,0.33,5.6,,0.21000000000000002,0.07,143.06625,16.6,1000.0,29.06,2.3,88.1,70.0,130.0,5.31496062992126,135.0,42.0,6.500000000000001,0.4,88.1,89.7,70.0,130.0,95.1219512195122,7.45
-,18W-854500,Woofer,33.35,0.34,136.0,5.354330708661418,,loudspeaker_databases/dibirama_LOUDSPEAKER_DB/TS_Params/Parametri 18W-854500.xlsx,loudspeaker_databases/dibirama_LOUDSPEAKER_DB/MIDWOOFER_files/Scan 18W-8434G00/18W-8434G00 - 0ų R.txt,35.0,2.22,0.29,5.42,,0.35,0.22,145.1936,18.5,1120.0000000000002,33.35,1.8,88.1,100.0,,5.354330708661418,136.0,42.0,6.500000000000001,0.4,88.1,89.8,100.0,,102.94117647058823,8.05
-,18W8545K00,Woofer,40.25,0.35,139.0,5.472440944881891,,loudspeaker_databases/dibirama_LOUDSPEAKER_DB/TS_Params/Parametri 18W8545K00.xlsx,loudspeaker_databases/dibirama_LOUDSPEAKER_DB/MIDWOOFER_files/scan_speak_18w-8545k00/18W-8545K00 - 0ų R.txt,32.5,4.9,0.33,5.4,,0.23,0.35,151.66985000000003,19.400000000000002,1240.0,40.25,0.8,87.9,100.0,200.0,5.472440944881891,139.0,42.0,6.500000000000001,0.376,87.9,89.6,100.0,200.0,92.85714285714286,7.82
-,18WU-4741T00,Woofer,24.61,0.46,139.0,5.472440944881891,,loudspeaker_databases/dibirama_LOUDSPEAKER_DB/TS_Params/Parametri 18WU-4741T00.xlsx,loudspeaker_databases/dibirama_LOUDSPEAKER_DB/MIDWOOFER_files/scan_speak_18wu-4741t00/18WU4741T00  - 0ų R.txt,42.0,5.1,0.42,3.25,,0.3,0.1,151.66985000000003,19.0,760.0,24.61,,87.9,80.0,150.0,5.472440944881891,139.0,42.0,9.000000000000002,0.38,87.9,91.8,80.0,150.0,,5.98
-,3FE22,Woofer,1.0600000000000003,0.57,60.0,2.3622047244094486,,loudspeaker_databases/dibirama_LOUDSPEAKER_DB/TS_Params/Parametri 3FE22.xlsx,loudspeaker_databases/dibirama_LOUDSPEAKER_DB/FULLRANGE_files/faital_3fe22/3FE22 - 0ų R.txt,126.0,4.1,0.5,6.35,,0.1,0.14,28.260000000000005,2.2,730.0,1.0600000000000003,0.4,87.2,20.0,40.0,2.3622047244094486,60.0,19.0,1.83,0.354,87.2,88.1,20.0,40.0,221.0526315789474,4.4
-,4E1CS-8,Woofer,1.1800000000000002,0.7,78.0,3.0708661417322833,,loudspeaker_databases/dibirama_LOUDSPEAKER_DB/TS_Params/Parametri 4E1CS-8.xlsx,loudspeaker_databases/dibirama_LOUDSPEAKER_DB/FULLRANGE_files/sica_4e1cs-8/4E1CS-8 - 0ų R.txt,135.0,2.3,0.54,5.62,,0.19,0.18,47.7594,3.8,370.0,1.1800000000000002,1.4,88.1,70.0,140.0,3.0708661417322833,78.0,25.0,2.2,0.395,88.1,89.6,70.0,140.0,192.85714285714286,5.09
-,4FE32,Woofer,2.1200000000000006,0.71,80.0,3.1496062992125986,,loudspeaker_databases/dibirama_LOUDSPEAKER_DB/TS_Params/Parametri 4FE32.xlsx,loudspeaker_databases/dibirama_LOUDSPEAKER_DB/FULLRANGE_files/faital_-_4fe32/4FE32 - 0ų R.txt,104.0,4.65,0.62,6.45,,0.12000000000000001,0.13,50.24000000000001,3.95,590.0,2.1200000000000006,0.6,87.2,30.0,60.0,3.1496062992125986,80.0,19.0,2.7300000000000004,0.319,87.2,88.1,30.0,60.0,146.47887323943664,4.84
-,4FE35,Woofer,2.43,1.18,81.0,3.188976377952756,,loudspeaker_databases/dibirama_LOUDSPEAKER_DB/TS_Params/Parametri 4FE35.xlsx,loudspeaker_databases/dibirama_LOUDSPEAKER_DB/FULLRANGE_files/faital_4fe35-8/4FE35-8 - 0ų R.txt,102.8,4.49,0.93,6.59,,0.060000000000000005,0.030000000000000002,51.50385000000001,3.7,650.0000000000001,2.43,0.5,85.4,30.0,60.0,3.188976377952756,81.0,19.0,2.7300000000000004,0.213,85.4,86.2,30.0,60.0,87.11864406779661,3.65
-,5.5H1.5CP-8,Woofer,8.11,0.47,102.00000000000001,4.015748031496063,,loudspeaker_databases/dibirama_LOUDSPEAKER_DB/TS_Params/Parametri 5.5H1.5CP-8.xlsx,loudspeaker_databases/dibirama_LOUDSPEAKER_DB/MIDWOOFER_files/sica_5.5h1.5cp-8/5.5H1.5CP-8 - 0ų.txt,50.0,4.1,0.42,6.05,,0.5,0.13,81.67139999999999,11.8,860.0,8.11,0.9,85.3,,,4.015748031496063,102.00000000000001,38.0,4.500000000000001,0.206,85.3,86.5,,,106.38297872340426,6.92
-,5D1CS-4,Woofer,5.66,0.59,103.00000000000001,4.055118110236221,,loudspeaker_databases/dibirama_LOUDSPEAKER_DB/TS_Params/Parametri 5D1CS-4.xlsx,loudspeaker_databases/dibirama_LOUDSPEAKER_DB/FULLRANGE_files/sica_5d1cs-4/5D1CS-4 - 0ų R.txt,76.1,7.0,0.54,3.12,,0.17,0.04,83.28065000000002,7.590000000000001,580.0,5.66,0.5,88.2,60.0,120.0,4.055118110236221,103.00000000000001,25.0,2.5,0.402,88.2,92.2,60.0,120.0,128.98305084745763,4.38
-,5F1.5CP-8,Woofer,8.85,0.31,100.0,3.937007874015748,,loudspeaker_databases/dibirama_LOUDSPEAKER_DB/TS_Params/Parametri 5F1.5CP-8.xlsx,loudspeaker_databases/dibirama_LOUDSPEAKER_DB/MIDWOOFER_files/sica_5f1.5cp-8/5F1.5CP-8 - 0ų R.txt,55.5,3.9,0.29,5.6,,0.46,0.48000000000000004,78.50000000000001,8.1,1020.0000000000001,8.85,1.7,88.7,100.0,200.0,3.937007874015748,100.0,38.0,3.5,0.45999999999999996,88.7,90.3,100.0,200.0,179.03225806451613,7.11
-,5FE120-8,Woofer,5.22,0.46,101.0,3.976377952755906,,loudspeaker_databases/dibirama_LOUDSPEAKER_DB/TS_Params/Parametri 5FE120-8.xlsx,loudspeaker_databases/dibirama_LOUDSPEAKER_DB/MIDWOOFER_files/faital_5fe120-8/5FE120 - 0ų R.txt,67.0,6.6,0.42,5.66,,0.48000000000000004,0.3,80.07785,9.81,580.0,5.22,0.6,87.2,80.0,160.0,3.976377952755906,101.0,32.0,5.25,0.325,87.2,88.7,80.0,160.0,145.65217391304347,7.13
-,5W430,Woofer,12.02,0.46,109.0,4.291338582677166,,loudspeaker_databases/dibirama_LOUDSPEAKER_DB/TS_Params/Parametri 5W430.xlsx,loudspeaker_databases/dibirama_LOUDSPEAKER_DB/MIDWOOFER_files/18sound_-_5w430/5W430 - 0ų R.txt,54.0,2.4,0.39,5.78,,0.47,0.25,93.26585,8.9,980.0,12.02,,88.0,80.0,250.0,4.291338582677166,109.0,25.0,6.0,0.392,88.0,89.5,80.0,250.0,117.39130434782608,6.16
-,6.5H1.5CP-8,Woofer,18.48,0.5,127.0,5.0,,loudspeaker_databases/dibirama_LOUDSPEAKER_DB/TS_Params/Parametri 6.5H1.5CP-8.xlsx,loudspeaker_databases/dibirama_LOUDSPEAKER_DB/MIDWOOFER_files/SICA 6.5H1.5CP-8/6.5H1.5CP-8 - 0ų R.txt,48.0,4.6,0.45,5.87,,0.42000000000000004,0.1,126.61265000000002,13.5,810.0000000000001,18.48,0.9,88.0,120.0,240.0,5.0,127.0,38.0,6.0,0.389,88.0,89.2,120.0,240.0,96.0,7.02
-,6D1.5CS-8,Woofer,5.48,0.8,130.0,5.118110236220473,,loudspeaker_databases/dibirama_LOUDSPEAKER_DB/TS_Params/Parametri 6D1.5CS-8.xlsx,loudspeaker_databases/dibirama_LOUDSPEAKER_DB/FULLRANGE_files/sica_6d1.5cs-8/6D1.5CS-8 - 0ų R.txt,101.0,1.7,0.54,6.14,,0.3,0.1,132.665,11.29,220.0,5.48,4.2,90.4,100.0,200.0,5.118110236220473,130.0,38.0,1.5,0.672,90.4,91.5,100.0,200.0,126.25,7.41
-,6D1.5SL-8,Woofer,3.39,0.65,128.0,5.039370078740157,,loudspeaker_databases/dibirama_LOUDSPEAKER_DB/TS_Params/Parametri 6D1.5SL-8.xlsx,loudspeaker_databases/dibirama_LOUDSPEAKER_DB/FULLRANGE_files/SICA 6D1.5SL-8/D1.5SL-8 - 0ų R.txt,131.0,2.3,0.51,4.94,,0.2,0.060000000000000005,128.61440000000002,10.2,140.00000000000003,3.39,3.7,92.6,130.0,260.0,5.039370078740157,128.0,38.0,1.5,1.115,92.6,94.7,130.0,260.0,201.53846153846152,7.99
-,6FE200,Woofer,3.43,0.62,128.0,5.039370078740157,,loudspeaker_databases/dibirama_LOUDSPEAKER_DB/TS_Params/Parametri 6FE200.xlsx,loudspeaker_databases/dibirama_LOUDSPEAKER_DB/MIDWOOFER_files/faital_6fe200/6FE200 - 0ų R.txt,134.3,11.1,0.59,5.93,,0.4,0.25,128.61440000000002,9.6,150.0,3.43,0.7,93.2,130.0,260.0,5.039370078740157,128.0,37.0,4.67,1.274,93.2,94.5,130.0,260.0,216.61290322580646,8.8
-,6FE200-4,Woofer,3.8600000000000003,0.48,128.0,5.039370078740157,,loudspeaker_databases/dibirama_LOUDSPEAKER_DB/TS_Params/Parametri 6FE200-4.xlsx,loudspeaker_databases/dibirama_LOUDSPEAKER_DB/MIDWOOFER_files/faital_6fe200/6FE200 - 0ų R.txt,126.5,9.8,0.46,3.1,,0.28,0.18,128.61440000000002,9.6,160.0,3.8600000000000003,0.74,94.0,130.0,260.0,5.039370078740157,128.0,37.0,6.42,1.55,94.0,98.1,130.0,260.0,263.5416666666667,7.02
-,6H1.5CP-8,Woofer,14.98,0.42,125.0,4.921259842519685,,loudspeaker_databases/dibirama_LOUDSPEAKER_DB/TS_Params/Parametri 6H1.5CP-8.xlsx,loudspeaker_databases/dibirama_LOUDSPEAKER_DB/MIDWOOFER_files/SICA 6H1.5CP-8/6H1.5CP-8 - 0ų R.txt,49.0,2.7,0.36,5.87,,0.94,0.48000000000000004,122.65625,15.0,700.0,14.98,1.7,88.1,100.0,200.0,4.921259842519685,125.0,38.0,4.7,0.399,88.1,89.5,100.0,200.0,116.66666666666667,8.03
-,830991,Woofer,8.97,0.55,108.0,4.251968503937008,,loudspeaker_databases/dibirama_LOUDSPEAKER_DB/TS_Params/Parametri 830991.xlsx,loudspeaker_databases/dibirama_LOUDSPEAKER_DB/MIDWOOFER_files/peerless_hds-p830991/830991 - 0ų.txt,60.5,2.85,0.46,5.95,,0.42000000000000004,0.26,91.56240000000001,9.15,760.0,8.97,1.2,87.5,30.0,60.0,4.251968503937008,108.0,25.73,4.55,0.344,87.5,88.8,30.0,60.0,109.99999999999999,6.13
-,AUDAX HM170C0,Woofer,24.22,0.32,129.0,5.078740157480315,,loudspeaker_databases/dibirama_LOUDSPEAKER_DB/TS_Params/Parametri AUDAX HM170C0.xlsx,loudspeaker_databases/dibirama_LOUDSPEAKER_DB/MIDWOOFER_files/audax_hm170c0/HM170C0 - 0ų R.txt,45.1,7.9,0.31,6.3,,0.25,0.22,130.63185000000001,12.42,1000.0,24.22,0.4,90.3,60.0,120.0,5.078740157480315,129.0,30.0,3.0,0.656,90.3,91.3,60.0,120.0,,8.29
-,B100-8,Woofer,5.0,0.52,80.5,3.1692913385826773,,loudspeaker_databases/dibirama_LOUDSPEAKER_DB/TS_Params/Parametri B100-8.xlsx,loudspeaker_databases/dibirama_LOUDSPEAKER_DB/FULLRANGE_files/visaton_b100/B100 - 0ų R.txt,75.2,9.9,0.49,5.76,,0.045,0.030000000000000002,50.86996250000001,3.28,1370.0000000000002,5.0,0.2,88.0,30.0,60.0,3.1692913385826773,80.5,26.000000000000004,1.6,0.389,88.0,89.4,30.0,60.0,144.6153846153846,4.14
-,B110-SP1057,Woofer,12.0,0.35,102.00000000000001,4.015748031496063,,loudspeaker_databases/dibirama_LOUDSPEAKER_DB/TS_Params/Parametri B110-SP1057.xlsx,loudspeaker_databases/dibirama_LOUDSPEAKER_DB/MIDWOOFER_files/kef_b110-sp1057/B110-SP1057 - 0ų R.txt,49.0,1.8,0.29,7.12,,0.8,0.33,81.67139999999999,8.3,1270.0,12.0,1.4,88.0,,50.0,4.015748031496063,102.00000000000001,26.000000000000004,3.0,0.384,88.0,88.4,,50.0,140.0,7.24
-,B80-8,Woofer,0.92,0.78,64.3,2.531496062992126,,loudspeaker_databases/dibirama_LOUDSPEAKER_DB/TS_Params/Parametri B80-8.xlsx,loudspeaker_databases/dibirama_LOUDSPEAKER_DB/FULLRANGE_files/visaton_b80-8/B80-8 - 0ų R.txt,123.6,6.48,0.7,6.2,,0.060000000000000005,0.1,32.455746500000004,2.7,610.0,0.92,3.0,85.4,30.0,50.0,2.531496062992126,64.3,25.0,2.2,0.712,85.4,86.5,30.0,50.0,158.46153846153845,4.08
-,CA18RLY,Woofer,38.88,0.53,132.0,5.196850393700788,,loudspeaker_databases/dibirama_LOUDSPEAKER_DB/TS_Params/Parametri CA18RLY.xlsx,loudspeaker_databases/dibirama_LOUDSPEAKER_DB/MIDWOOFER_files/seas_ca18rly/CA18RLY -  0ų R.txt,37.0,2.49,0.44,6.0,,0.5,0.22,136.77839999999998,12.6,1470.0,38.88,1.2,87.6,80.0,250.0,5.196850393700788,132.0,26.000000000000004,5.0,0.354,87.6,88.8,80.0,250.0,69.81132075471697,5.76
-,CAW538,Woofer,8.220000000000002,0.66,110.0,4.330708661417323,,loudspeaker_databases/dibirama_LOUDSPEAKER_DB/TS_Params/Parametri CAW538.xlsx,loudspeaker_databases/dibirama_LOUDSPEAKER_DB/MIDWOOFER_files/morel_caw_538/CAW538 - 0ų R.txt,51.9,2.36,0.52,5.2,,0.49,0.24000000000000002,94.985,14.6,640.0,8.220000000000002,2.0,84.3,150.0,300.0,4.330708661417323,110.0,75.0,3.0,0.166,84.3,86.2,150.0,300.0,78.63636363636363,6.12
-,Ciare CH201,Woofer,8.66,0.52,107.0,4.21259842519685,,loudspeaker_databases/dibirama_LOUDSPEAKER_DB/TS_Params/Parametri Ciare CH201.xlsx,loudspeaker_databases/dibirama_LOUDSPEAKER_DB/FULLRANGE_files/ciare_ch201/CH201 - 0ų R.txt,52.0,5.6,0.52,6.05,,0.61,0.33,89.87465,12.37,760.0,8.66,0.7,85.2,25.0,50.0,4.21259842519685,107.0,25.4,3.7,0.203,85.2,86.4,25.0,50.0,100.0,6.55
-,Ciare HW161N,Woofer,13.69,0.77,131.0,5.1574803149606305,,loudspeaker_databases/dibirama_LOUDSPEAKER_DB/TS_Params/Parametri Ciare HW161N.xlsx,loudspeaker_databases/dibirama_LOUDSPEAKER_DB/MIDWOOFER_files/CIARE HW161N/HW161N - 0ų.txt,58.9,3.85,0.64,6.19,,0.66,0.3,134.71385,13.700000000000001,530.0000000000001,13.69,2.3,87.5,,180.0,5.1574803149606305,131.0,32.0,5.0,0.346,87.5,88.6,,180.0,76.49350649350649,6.38
-,Ciare HWB130,Woofer,14.79,0.29,105.0,4.133858267716535,,loudspeaker_databases/dibirama_LOUDSPEAKER_DB/TS_Params/Parametri Ciare HWB130.xlsx,loudspeaker_databases/dibirama_LOUDSPEAKER_DB/MIDWOOFER_files/ciare_hwb1300/HWB130 - 0ų R.txt,44.3,4.8,0.27,5.91,,0.7,0.4,86.54625000000001,9.25,1400.0,14.79,0.5,88.4,,,4.133858267716535,105.0,32.0,4.500000000000001,0.422,88.4,89.7,,,152.75862068965517,7.24
-,Ciare HWB160,Woofer,24.29,0.39,133.0,5.236220472440945,,loudspeaker_databases/dibirama_LOUDSPEAKER_DB/TS_Params/Parametri Ciare HWB160.xlsx,loudspeaker_databases/dibirama_LOUDSPEAKER_DB/MIDWOOFER_files/ciare_hwb160/HWB160 - 0ų R.txt,45.59,6.0,0.37,5.87,,0.75,0.41,138.85865,13.69,890.0000000000001,24.29,0.7,89.6,,,5.236220472440945,133.0,32.0,4.500000000000001,0.562,89.6,91.0,,,116.8974358974359,7.68
-,Ciare HWG160,Woofer,27.150000000000002,0.29,133.0,5.236220472440945,,loudspeaker_databases/dibirama_LOUDSPEAKER_DB/TS_Params/Parametri Ciare HWG160.xlsx,loudspeaker_databases/dibirama_LOUDSPEAKER_DB/MIDWOOFER_files/ciare_hwg160/HWG160 - 0ų R.txt,41.34,5.22,0.27,5.86,,0.71,0.35,138.85865,14.9,990.0,27.150000000000002,0.7,90.1,,,5.236220472440945,133.0,38.0,6.500000000000001,0.629,90.1,91.5,,,142.55172413793105,8.84
-,Ciare PWA5.38,Woofer,4.460000000000001,0.47,110.0,4.330708661417323,,loudspeaker_databases/dibirama_LOUDSPEAKER_DB/TS_Params/Parametri Ciare PWA5.38.xlsx,loudspeaker_databases/dibirama_LOUDSPEAKER_DB/MIDWOOFER_files/CIARE PWA5.38/PWA5.38 - 0ų R.txt,81.2,4.5,0.43,5.67,,0.36,0.3,94.985,11.0,370.0,4.460000000000001,1.2,89.0,,250.0,4.330708661417323,110.0,38.0,3.9,0.484,89.0,90.5,,250.0,172.76595744680853,8.23
-,DC160-8,Woofer,29.750000000000004,0.36,133.0,5.236220472440945,,loudspeaker_databases/dibirama_LOUDSPEAKER_DB/TS_Params/Parametri DC160-8.xlsx,loudspeaker_databases/dibirama_LOUDSPEAKER_DB/MIDWOOFER_files/dayton_audio_dc160-8/DC160-8 - 0ų R.txt,32.8,3.4,0.33,6.61,,1.7,0.8,138.85865,21.6,1090.0,29.750000000000004,1.3,86.5,50.0,100.0,5.236220472440945,133.0,35.0,3.15,0.278,86.5,87.4,50.0,100.0,91.1111111111111,9.04
-,ES180TI-8,Woofer,16.47,0.41,129.0,5.078740157480315,,loudspeaker_databases/dibirama_LOUDSPEAKER_DB/TS_Params/Parametri ES180TI-8.xlsx,loudspeaker_databases/dibirama_LOUDSPEAKER_DB/MIDWOOFER_files/dayton_audio_es180ti-8/ES180Ti-8 - 0ų R.txt,37.8,5.2,0.38,6.3,,0.85,0.35,130.63185000000001,26.000000000000004,680.0,16.47,1.2,85.3,100.0,200.0,5.078740157480315,129.0,75.0,5.3,0.206,85.3,86.3,100.0,200.0,92.1951219512195,9.74
-,FE103EN,Woofer,4.71,0.45,80.0,3.1496062992125986,,loudspeaker_databases/dibirama_LOUDSPEAKER_DB/TS_Params/Parametri FE103EN.xlsx,loudspeaker_databases/dibirama_LOUDSPEAKER_DB/FULLRANGE_files/fostex_fe103en/FE103EN - 0ų R.txt,89.5,2.9,0.39,7.46,,0.21000000000000002,0.19,50.24000000000001,2.4,1320.0,4.71,0.5,90.6,5.0,15.0,3.1496062992125986,80.0,20.0,0.6,0.714,90.6,91.0,5.0,15.0,198.88888888888889,4.73
-,FE103NV,Woofer,3.69,0.48,80.0,3.1496062992125986,,loudspeaker_databases/dibirama_LOUDSPEAKER_DB/TS_Params/Parametri FE103NV.xlsx,loudspeaker_databases/dibirama_LOUDSPEAKER_DB/FULLRANGE_files/fostex_fe103nv/FE103NV - 0ų R.txt,103.5,4.3,0.43,7.46,,0.19,0.13,50.24000000000001,2.29,1030.0,3.69,0.3,91.2,5.0,15.0,3.1496062992125986,80.0,20.0,,0.811,91.2,91.5,5.0,15.0,215.625,4.81
-,FE103SOL,Woofer,4.23,0.55,80.0,3.1496062992125986,,loudspeaker_databases/dibirama_LOUDSPEAKER_DB/TS_Params/Parametri FE103SOL.xlsx,loudspeaker_databases/dibirama_LOUDSPEAKER_DB/FULLRANGE_files/Fostex FE103-SOL/FE103-SOL - 0ų R.txt,87.7,3.63,0.48,6.4,,0.07,0.04,50.24000000000001,2.78,1180.0,4.23,0.4,89.1,5.0,15.0,3.1496062992125986,80.0,20.0,0.9000000000000001,0.494,89.1,90.0,5.0,15.0,159.45454545454544,4.22
-,FE126En,Woofer,9.59,0.33,92.0,3.6220472440944884,,loudspeaker_databases/dibirama_LOUDSPEAKER_DB/TS_Params/Parametri FE126En.xlsx,loudspeaker_databases/dibirama_LOUDSPEAKER_DB/FULLRANGE_files/fostex_fe126en/FE126En - 0ų R.txt,76.9,4.1,0.31,6.9,,0.14,0.19,66.44239999999999,2.79,1540.0000000000002,9.59,0.3,93.1,15.0,45.0,3.6220472440944884,92.0,20.0,1.7,1.258,93.1,93.8,15.0,45.0,233.03030303030303,5.31
-,FE126NV,Woofer,6.17,0.43,92.0,3.6220472440944884,,loudspeaker_databases/dibirama_LOUDSPEAKER_DB/TS_Params/Parametri FE126NV.xlsx,loudspeaker_databases/dibirama_LOUDSPEAKER_DB/FULLRANGE_files/fostex_fe126nv/FE126NV - 0ų.txt,95.7,3.75,0.39,7.0,,0.15,0.18,66.44239999999999,2.8,990.0,6.17,0.4,92.9,15.0,45.0,3.6220472440944884,92.0,20.0,,1.197,92.9,93.5,15.0,45.0,222.55813953488374,5.24
-,FE166NV,Woofer,33.79,0.26,130.0,5.118110236220473,,loudspeaker_databases/dibirama_LOUDSPEAKER_DB/TS_Params/Parametri FE166NV.xlsx,loudspeaker_databases/dibirama_LOUDSPEAKER_DB/FULLRANGE_files/fostex_fe166nv/FE166NV - 0ų R.txt,53.6,7.38,0.25,7.66,,0.54,0.31,132.665,6.500000000000001,1360.0,33.79,0.3,94.9,22.0,65.0,5.118110236220473,130.0,25.0,,1.905,94.9,95.1,22.0,65.0,206.15384615384616,8.03
-,FE83NV,Woofer,0.88,0.98,61.0,2.4015748031496065,,loudspeaker_databases/dibirama_LOUDSPEAKER_DB/TS_Params/Parametri FE83NV.xlsx,loudspeaker_databases/dibirama_LOUDSPEAKER_DB/FULLRANGE_files/fostex_fe83nv/FE83NV - 0ų R.txt,160.75,3.9,0.78,6.95,,0.08,0.14,29.209849999999996,1.35,730.0,0.88,0.3,87.6,5.0,15.0,2.4015748031496065,61.0,16.0,,0.354,87.6,88.2,5.0,15.0,164.03061224489795,3.11
-,FE85,Woofer,1.22,0.78,60.0,2.3622047244094486,,loudspeaker_databases/dibirama_LOUDSPEAKER_DB/TS_Params/Parametri FE85.xlsx,loudspeaker_databases/dibirama_LOUDSPEAKER_DB/FULLRANGE_files/fountek_fe85/FE85 - 0ų R.txt,99.0,2.85,0.61,6.05,,0.07,0.05,28.260000000000005,2.4,1080.0,1.22,0.5,83.7,12.0,24.0,2.3622047244094486,60.0,20.0,1.5,0.144,83.7,84.9,12.0,24.0,126.92307692307692,3.4
-,FF105WK,Woofer,4.66,0.5,81.0,3.188976377952756,,loudspeaker_databases/dibirama_LOUDSPEAKER_DB/TS_Params/Parametri FF105WK.xlsx,loudspeaker_databases/dibirama_LOUDSPEAKER_DB/FULLRANGE_files/fostex_ff105wk/FF105WK - 0ų R.txt,76.9,6.5,0.46,6.65,,0.13,0.05,51.50385000000001,3.45,1180.0,4.66,0.3,88.2,10.0,30.0,3.188976377952756,81.0,20.0,1.7,0.404,88.2,89.0,10.0,30.0,153.8,4.71
-,FVS165,Woofer,19.65,0.53,133.0,5.236220472440945,,loudspeaker_databases/dibirama_LOUDSPEAKER_DB/TS_Params/Parametri FVS165.xlsx,loudspeaker_databases/dibirama_LOUDSPEAKER_DB/MIDWOOFER_files/res_fvs165/FVS165 - 0ų R.txt,46.0,2.4,0.43,3.37,,0.38,0.19,138.85865,16.63,719.9999999999999,19.65,2.0,87.5,,200.0,5.236220472440945,133.0,32000.0,,0.343,87.5,91.2,,200.0,86.79245283018868,5.53
-,HM170MN0,Woofer,33.0,0.34,125.0,4.921259842519685,,loudspeaker_databases/dibirama_LOUDSPEAKER_DB/TS_Params/Parametri HM170MN0.xlsx,loudspeaker_databases/dibirama_LOUDSPEAKER_DB/MIDWOOFER_files/audax_hm170mn0/HM170MN0 - 0ų R.txt,42.7,4.8,0.32,6.0,,0.64,0.34,122.65625,8.96,1550.0000000000002,33.0,,90.7,,,4.921259842519685,125.0,30.0,3.75,0.719,90.7,91.9,,,,6.51
-,HM170Z18,Woofer,27.91,0.33,125.0,4.921259842519685,,loudspeaker_databases/dibirama_LOUDSPEAKER_DB/TS_Params/Parametri HM170Z18.xlsx,loudspeaker_databases/dibirama_LOUDSPEAKER_DB/MIDWOOFER_files/audax_hm170z18/HM170Z18 - 0ų R.txt,41.85,4.55,0.31,5.9,,0.64,0.34,122.65625,11.03,1310.0000000000002,27.91,,89.9,60.0,120.0,4.921259842519685,125.0,30.0,3.2500000000000004,0.59,89.9,91.1,60.0,120.0,,7.2
-,HW 159,Woofer,23.02,0.77,125.0,4.921259842519685,,loudspeaker_databases/dibirama_LOUDSPEAKER_DB/TS_Params/Parametri HW 159.xlsx,loudspeaker_databases/dibirama_LOUDSPEAKER_DB/MIDWOOFER_files/CIARE HW159/HW159 - 0ų R.txt,56.1,3.03,0.61,6.16,,0.56,0.32,139.0,11.39,710.0,23.02,1.3,89.1,60.0,150.0,4.921259842519685,125.0,25.0,4.500000000000001,0.502,89.1,90.3,60.0,150.0,72.85714285714286,5.65
-,HW100,Woofer,1.9200000000000002,0.67,80.0,3.1496062992125986,,loudspeaker_databases/dibirama_LOUDSPEAKER_DB/TS_Params/Parametri HW100.xlsx,loudspeaker_databases/dibirama_LOUDSPEAKER_DB/MIDWOOFER_files/ciare_hw100/HW100 - 0ų R.txt,86.5,2.7,0.54,6.12,,0.46,0.26,50.24000000000001,6.3,540.0,1.9200000000000002,1.5,84.6,50.0,150.0,3.1496062992125986,80.0,25.0,4.3,0.177,84.6,85.7,50.0,150.0,129.1044776119403,5.59
-,HW131,Woofer,6.31,0.57,102.00000000000001,4.015748031496063,,loudspeaker_databases/dibirama_LOUDSPEAKER_DB/TS_Params/Parametri HW131.xlsx,loudspeaker_databases/dibirama_LOUDSPEAKER_DB/MIDWOOFER_files/ciare_hw131/HW131 - 0ų R.txt,63.5,2.51,0.46,6.35,,0.6,0.29,81.67140000000002,9.4,670.0,6.31,1.5,86.4,70.0,180.0,4.015748031496063,102.00000000000001,32.0,4.4,0.27,86.4,87.4,70.0,180.0,111.40350877192984,6.46
-,HWG130,Woofer,11.17,0.3,105.0,4.133858267716535,,loudspeaker_databases/dibirama_LOUDSPEAKER_DB/TS_Params/Parametri HWG130.xlsx,loudspeaker_databases/dibirama_LOUDSPEAKER_DB/MIDWOOFER_files/ciare_hwg130/HWG130 - 0ų R.txt,44.4,5.0,0.28,5.8,,0.8,0.39000000000000007,86.54625000000001,12.2,1050.0000000000002,11.17,0.7,87.0,130.0,260.0,4.133858267716535,105.0,38.0,6.500000000000001,0.31,87.0,88.4,130.0,260.0,148.0,8.11
-,HX160,Woofer,16.83,0.34,130.0,5.118110236220473,,loudspeaker_databases/dibirama_LOUDSPEAKER_DB/TS_Params/Parametri HX160.xlsx,loudspeaker_databases/dibirama_LOUDSPEAKER_DB/FULLRANGE_files/CIARE HX160/HX160 - 0ų R.txt,70.7,5.0,0.32,5.44,,0.1,0.04,132.665,7.5,680.0,16.83,0.7,94.3,40.0,90.0,5.118110236220473,130.0,25.0,1.75,1.6650000000000003,94.3,96.0,40.0,90.0,207.94117647058823,7.3
-,L15RLY-P,Woofer,8.38,0.55,97.72,3.847244094488189,,loudspeaker_databases/dibirama_LOUDSPEAKER_DB/TS_Params/Parametri L15RLY-P.xlsx,loudspeaker_databases/dibirama_LOUDSPEAKER_DB/MIDWOOFER_files/seas_l15rly-p/L15RLY-P - 0ų R.txt,55.0,2.41,0.45,6.0,,0.45000000000000007,0.23,74.96120744000001,7.95,1050.0000000000002,8.38,1.1,85.9,80.0,200.0,3.847244094488189,97.72,26.000000000000004,5.0,0.241,85.9,87.2,80.0,200.0,99.99999999999999,5.47
-,L18RCYP,Woofer,29.96,0.45,127.0,5.0,,loudspeaker_databases/dibirama_LOUDSPEAKER_DB/TS_Params/Parametri L18RCYP.xlsx,loudspeaker_databases/dibirama_LOUDSPEAKER_DB/MIDWOOFER_files/seas_l18rcy-p/L18RCYP - 0ų R.txt,36.0,2.64,0.38,5.51,,0.5900000000000001,0.28,126.61265000000002,14.8,1320.0,29.96,1.3,86.8,80.0,250.0,5.0,127.0,26.000000000000004,4.0,0.296,86.8,88.4,80.0,250.0,80.0,6.4
-,L18RNX-P,Woofer,21.43,0.43,125.0,4.921259842519685,,loudspeaker_databases/dibirama_LOUDSPEAKER_DB/TS_Params/Parametri L18RNX-P.xlsx,loudspeaker_databases/dibirama_LOUDSPEAKER_DB/MIDWOOFER_files/seas_l18rnxp/L18RNXP - 0ų R.txt,41.9,2.46,0.37,5.83,,0.5900000000000001,0.29,122.65625,14.33,1010.0,21.43,1.5,87.5,100.0,250.0,4.921259842519685,125.0,39.0,6.0,0.349,87.5,88.9,100.0,250.0,97.44186046511628,7.15
-,M4N,Woofer,8.19,1.19,83.0,3.2677165354330713,,loudspeaker_databases/dibirama_LOUDSPEAKER_DB/TS_Params/Parametri M4N.xlsx,loudspeaker_databases/dibirama_LOUDSPEAKER_DB/FULLRANGE_files/hivi_m4n/M4N - 0ų R.txt,51.0,3.4,0.88,6.49,,0.33,0.21000000000000002,54.07865000000001,4.92,1980.0,8.19,0.5,81.5,15.0,30.0,3.2677165354330713,83.0,20.0,3.0,0.087,81.5,82.4,15.0,30.0,42.85714285714286,2.93
-,MW13P-8,Woofer,8.21,0.44,95.0,3.7401574803149606,,loudspeaker_databases/dibirama_LOUDSPEAKER_DB/TS_Params/Parametri MW13P-8.xlsx,loudspeaker_databases/dibirama_LOUDSPEAKER_DB/MIDWOOFER_files/SB ACOUSTICS MW13P-8/MW13P-8 - 0ų R.txt,53.0,4.5,0.4,6.16,,0.18,0.07,70.84625,7.8,1160.0,8.21,0.6,86.3,40.0,80.0,3.7401574803149606,95.0,30.5,5.0,0.264,86.3,87.5,40.0,80.0,120.45454545454545,6.03
-,MW16P-8,Woofer,39.26,0.37,124.0,4.881889763779528,,loudspeaker_databases/dibirama_LOUDSPEAKER_DB/TS_Params/Parametri MW16P-8.xlsx,loudspeaker_databases/dibirama_LOUDSPEAKER_DB/MIDWOOFER_files/sb_acoustics_mw16p-8/MW16P-8 - 0ų R.txt,31.4,4.8,0.34,6.17,,0.21000000000000002,0.08,120.70160000000001,13.49,1900.0,39.26,0.6,87.1,60.0,120.0,4.881889763779528,124.0,36.00000000000001,6.0,0.316,87.1,88.2,60.0,120.0,84.86486486486486,6.7
-,MW16TX-8,Woofer,31.4,0.43,124.0,4.881889763779528,,loudspeaker_databases/dibirama_LOUDSPEAKER_DB/TS_Params/Parametri MW16TX-8.xlsx,loudspeaker_databases/dibirama_LOUDSPEAKER_DB/MIDWOOFER_files/sb_acoustics_mw16tx-8/MW16TX-8 - 0ų R.txt,37.7,6.7,0.4,6.02,,0.17,0.07,120.70160000000001,11.8,1510.0,31.4,0.4,87.8,60.0,120.0,4.881889763779528,124.0,36.00000000000001,6.0,0.373,87.8,89.1,60.0,120.0,87.67441860465117,6.29
-,MW19P-8,Woofer,56.94,0.33,148.0,5.826771653543307,,loudspeaker_databases/dibirama_LOUDSPEAKER_DB/TS_Params/Parametri MW19P-8.xlsx,loudspeaker_databases/dibirama_LOUDSPEAKER_DB/MIDWOOFER_files/sb_acoustics_mw19p-8/MW19P-8 - 0ų R.txt,31.3,4.8,0.31,5.9,,0.25,0.09,171.9464,19.0,1360.0,56.94,0.8,89.1,70.0,140.0,5.826771653543307,148.0,39.0,6.7,0.504,89.1,90.5,70.0,140.0,94.84848484848484,8.17
-,ND105-8,Woofer,2.2,0.83,81.0,3.188976377952756,,loudspeaker_databases/dibirama_LOUDSPEAKER_DB/TS_Params/Parametri ND105-8.xlsx,loudspeaker_databases/dibirama_LOUDSPEAKER_DB/MIDWOOFER_files/dayton_audio_nd105-8/ND105-8 - 0ų R.txt,75.3,3.36,0.67,7.7,,0.87,0.57,51.50385000000001,7.62,590.0,2.2,1.1,82.4,30.0,60.0,3.188976377952756,81.0,25.0,4.0,0.108,82.4,82.6,30.0,60.0,90.72289156626506,5.78
-,ND90-4,Woofer,1.36,0.72,64.0,2.5196850393700787,,loudspeaker_databases/dibirama_LOUDSPEAKER_DB/TS_Params/Parametri ND90-4.xlsx,loudspeaker_databases/dibirama_LOUDSPEAKER_DB/FULLRANGE_files/dayton_audio_nd90-4/ND90-4 - 0ų R.txt,80.6,4.2,0.61,3.73,,0.44,0.29,32.153600000000004,4.2,930.0,1.36,0.5,81.8,20.0,40.0,2.5196850393700787,64.0,19.0,4.0,0.094,81.8,85.2,20.0,40.0,111.94444444444444,3.32
-,ND91-8,Woofer,0.85,0.56,64.0,2.5196850393700787,,loudspeaker_databases/dibirama_LOUDSPEAKER_DB/TS_Params/Parametri ND91-8.xlsx,loudspeaker_databases/dibirama_LOUDSPEAKER_DB/FULLRANGE_files/dayton_audio_nd91-8/ND91-8 - 0ų R.txt,99.7,3.27,0.48,7.51,,0.7800000000000001,0.54,32.153600000000004,4.38,580.0,0.85,0.8,83.7,30.0,60.0,2.5196850393700787,64.0,25.0,5.1,0.143,83.7,84.0,30.0,60.0,178.03571428571428,6.07
-,NE65W-04,Woofer,0.16,0.69,43.0,1.6929133858267718,,loudspeaker_databases/dibirama_LOUDSPEAKER_DB/TS_Params/Parametri NE65W-04.xlsx,loudspeaker_databases/dibirama_LOUDSPEAKER_DB/FULLRANGE_files/tymphany_vifa_ne65w-04/NE65W-04 - 0ų R.txt,163.5,6.8,0.63,3.52,,0.060000000000000005,0.029000000000000005,14.514650000000001,1.78,530.0000000000001,0.16,0.3,81.9,25.0,50.0,1.6929133858267718,43.0,25.73,1.7,0.096,81.9,85.5,25.0,50.0,236.95652173913047,3.05
-,P8R-8,Woofer,7.32,2.96,152.0,5.984251968503937,,loudspeaker_databases/dibirama_LOUDSPEAKER_DB/TS_Params/Parametri P8R-8.xlsx,loudspeaker_databases/dibirama_LOUDSPEAKER_DB/MIDWOOFER_files/DAYTON AUDIO RS125p-8/RS125P-8 - 0ų R.txt,142.12,7.22,2.1,6.04,,0.27,0.15,181.46000000000004,7.980000000000001,160.0,7.32,1.3,90.4,25.0,50.0,5.984251968503937,152.0,25.0,,0.675,90.4,91.6,25.0,50.0,48.013513513513516,3.81
-,PA100,Woofer,1.33,0.82,80.0,3.1496062992125986,,loudspeaker_databases/dibirama_LOUDSPEAKER_DB/TS_Params/Parametri PA100.xlsx,loudspeaker_databases/dibirama_LOUDSPEAKER_DB/FULLRANGE_files/ciare_pa100/PA100 - 0ų R.txt,129.0,3.3,0.66,5.42,,0.11,0.05,50.24000000000001,4.1,370.0,1.33,1.0,87.3,40.0,80.0,3.1496062992125986,80.0,25.0,2.5,0.33,87.3,89.0,40.0,80.0,157.3170731707317,4.69
-,PA130-16,Woofer,3.05,0.79,97.0,3.818897637795276,,loudspeaker_databases/dibirama_LOUDSPEAKER_DB/TS_Params/Parametri PA130-16.xlsx,loudspeaker_databases/dibirama_LOUDSPEAKER_DB/FULLRANGE_files/dayton_audio_pa130-16/PA130-16 - 0ų R.txt,95.0,2.6,0.61,13.63,,0.5,0.41,73.86064999999999,7.1,400.0,3.05,1.6,87.1,50.0,100.0,3.818897637795276,97.0,25.0,2.0,0.315,87.1,84.8,50.0,100.0,120.25316455696202,8.55
-,PFXI3.20,Woofer,1.0,0.48,62.0,2.440944881889764,,loudspeaker_databases/dibirama_LOUDSPEAKER_DB/TS_Params/Parametri PFXI3.20.xlsx,loudspeaker_databases/dibirama_LOUDSPEAKER_DB/FULLRANGE_files/ciare_pfxi3.20/PFXI3.20 - 0ų R.txt,110.0,5.0,0.44,5.06,,0.08,0.12000000000000001,30.1754,2.7,1050.0000000000002,1.0,0.7,86.3,20.0,50.0,2.440944881889764,62.0,20.0,3.0,0.264,86.3,88.3,20.0,50.0,229.16666666666669,4.44
-,PS180-8,Woofer,29.92,0.33,132.0,5.196850393700788,,loudspeaker_databases/dibirama_LOUDSPEAKER_DB/TS_Params/Parametri PS180-8.xlsx,loudspeaker_databases/dibirama_LOUDSPEAKER_DB/FULLRANGE_files/dayton_audio_ps180-8/PS180-8 - 0ų R.txt,57.0,4.1,0.31,6.07,,0.1,0.05,136.77839999999998,6.9,1130.0,29.92,0.6,94.1,30.0,60.0,5.196850393700788,132.0,25.4,4.6,1.598,94.1,95.3,30.0,60.0,172.72727272727272,6.74
-,PS95-8,Woofer,0.7800000000000001,0.75,57.0,2.2440944881889764,,loudspeaker_databases/dibirama_LOUDSPEAKER_DB/TS_Params/Parametri PS95-8.xlsx,loudspeaker_databases/dibirama_LOUDSPEAKER_DB/FULLRANGE_files/dayton_audio_ps95-8/PS95-8 - 0ų R.txt,107.0,6.0,0.67,7.03,,0.1,0.05800000000000001,25.504650000000005,2.6000000000000005,850.0,0.7800000000000001,0.3,83.0,10.0,20.0,2.2440944881889764,57.0,20.0,2.5,0.122,83.0,83.5,10.0,20.0,142.66666666666666,4.05
-,RS100-8,Woofer,0.56,0.82,55.0,2.1653543307086616,,loudspeaker_databases/dibirama_LOUDSPEAKER_DB/TS_Params/Parametri RS100-8.xlsx,loudspeaker_databases/dibirama_LOUDSPEAKER_DB/FULLRANGE_files/dayton_audio_rs100-8/RS100-8 - 0ų.txt,97.0,2.75,0.63,6.2,,0.13,0.11,23.74625,3.85,700.0,0.56,0.9,79.8,30.0,60.0,2.1653543307086616,55.0,25.0,3.5,0.05899999999999999,79.8,80.9,30.0,60.0,118.29268292682927,4.21
-,RS125P-8,Woofer,3.6000000000000005,0.63,82.0,3.2283464566929134,,loudspeaker_databases/dibirama_LOUDSPEAKER_DB/TS_Params/Parametri RS125P-8.xlsx,loudspeaker_databases/dibirama_LOUDSPEAKER_DB/MIDWOOFER_files/DAYTON AUDIO RS125p-8/RS125P-8 - 0ų R.txt,70.5,3.37,0.53,6.18,,0.23,0.14,52.7834,5.58,910.0,3.6000000000000005,0.7,84.9,,250.0,3.2283464566929134,82.0,25.0,3.9,0.191,84.9,86.0,,250.0,111.9047619047619,4.92
-,RS150-P8A,Woofer,15.620000000000001,0.41,99.9,3.9330708661417324,,loudspeaker_databases/dibirama_LOUDSPEAKER_DB/TS_Params/Parametri RS150-P8A.xlsx,loudspeaker_databases/dibirama_LOUDSPEAKER_DB/MIDWOOFER_files/dayton_audio_rs150p-8a/RS150P-8A - 0ų R.txt,44.3,1.64,0.33,5.85,,0.27,0.14,78.34307850000002,7.18,1800.0000000000002,15.620000000000001,1.2,87.1,40.0,80.0,3.9330708661417324,99.9,25.0,4.0,0.315,87.1,88.5,40.0,80.0,108.04878048780488,5.34
-,RS180-8,Woofer,20.870000000000005,0.48,133.0,5.236220472440945,,loudspeaker_databases/dibirama_LOUDSPEAKER_DB/TS_Params/Parametri RS180-8.xlsx,loudspeaker_databases/dibirama_LOUDSPEAKER_DB/MIDWOOFER_files/dayton_audio_rs180-8/RS180-8 - 0ų R.txt,40.6,1.5,0.36,6.25,,0.45000000000000007,0.2,138.85865,14.7,1050.0000000000002,20.870000000000005,2.5,86.5,60.0,120.0,5.236220472440945,133.0,38.0,6.0,0.277,86.5,87.6,60.0,120.0,84.58333333333334,6.99
-,SB10PgC21-4,Woofer,1.21,1.0,60.0,2.3622047244094486,,loudspeaker_databases/dibirama_LOUDSPEAKER_DB/TS_Params/Parametri SB10PgC21-4.xlsx,loudspeaker_databases/dibirama_LOUDSPEAKER_DB/FULLRANGE_files/sb_acoustics_sb10pgc21-4/SB10PGC21-4 - 0ų R.txt,92.0,9.8,0.91,3.41,,0.17,0.11,28.260000000000005,2.8,1070.0,1.21,0.2,81.6,20.0,40.0,2.3622047244094486,60.0,20.4,4.500000000000001,0.09,81.6,85.3,20.0,40.0,92.0,2.35
-,SB12PFC25-4,Woofer,3.93,0.59,85.0,3.346456692913386,,loudspeaker_databases/dibirama_LOUDSPEAKER_DB/TS_Params/Parametri SB12PFC25-4.xlsx,loudspeaker_databases/dibirama_LOUDSPEAKER_DB/MIDWOOFER_files/sb_acoustics_sb12pfc25-4/SB12PFC25-4 - 0ų R.txt,73.7,3.9,0.51,3.08,,0.33,0.19,56.71625,5.4,860.0,3.93,0.6,86.2,30.0,60.0,3.346456692913386,85.0,25.4,4.500000000000001,0.254,86.2,90.3,30.0,60.0,124.91525423728815,3.61
-,SB12PFC25-4 singolo,Woofer,3.93,0.59,85.0,3.346456692913386,,loudspeaker_databases/dibirama_LOUDSPEAKER_DB/TS_Params/Parametri SB12PFC25-4 singolo.xlsx,loudspeaker_databases/dibirama_LOUDSPEAKER_DB/MIDWOOFER_files/sb_acoustics_sb12pfc25-4/SB12PFC25-4 - 0ų R.txt,73.7,3.9,0.51,3.08,,0.33,0.19,56.71625,5.4,860.0,3.93,0.6,86.2,30.0,60.0,3.346456692913386,85.0,25.4,4.500000000000001,0.254,86.2,90.3,30.0,60.0,124.91525423728815,3.61
-,SB13PFC25-04,Woofer,14.32,0.37,108.0,4.251968503937008,,loudspeaker_databases/dibirama_LOUDSPEAKER_DB/TS_Params/Parametri SB13PFC25-04.xlsx,loudspeaker_databases/dibirama_LOUDSPEAKER_DB/MIDWOOFER_files/sb_acoustics_sb13pfc25-08/SB13PFC25-08 - 0ų R.txt,44.9,2.73,0.33,3.13,,0.41,0.18,91.56240000000001,10.8,1160.0,14.32,1.1,87.3,40.0,80.0,4.251968503937008,108.0,25.4,4.500000000000001,0.334,87.3,91.4,40.0,80.0,121.35135135135135,5.08
-,SB13PFC25-08,Woofer,14.36,0.39,109.0,4.291338582677166,,loudspeaker_databases/dibirama_LOUDSPEAKER_DB/TS_Params/Parametri SB13PFC25-08.xlsx,loudspeaker_databases/dibirama_LOUDSPEAKER_DB/MIDWOOFER_files/sb_acoustics_sb13pfc25-08/SB13PFC25-08 - 0ų R.txt,45.5,2.47,0.34,5.58,,0.56,0.26,93.26585,10.49,1170.0,14.36,1.2,87.3,40.0,80.0,4.291338582677166,109.0,25.4,4.500000000000001,0.328,87.3,88.8,40.0,80.0,116.66666666666666,6.53
-,SB16PFC25-8,Woofer,31.86,0.45,133.0,5.236220472440945,,loudspeaker_databases/dibirama_LOUDSPEAKER_DB/TS_Params/Parametri SB16PFC25-8.xlsx,loudspeaker_databases/dibirama_LOUDSPEAKER_DB/MIDWOOFER_files/sb_acoustics_sb16pfc25-8/SB16PFC25-08 - 0ų R.txt,39.51,2.74,0.39,5.38,,0.5900000000000001,0.26,138.85865,13.9,1170.0,31.86,1.3,88.3,40.0,80.0,5.236220472440945,133.0,25.4,4.500000000000001,0.416,88.3,90.0,40.0,80.0,87.8,6.27
-,SB17MFC35-8,Woofer,27.07,0.44,124.0,4.881889763779528,,loudspeaker_databases/dibirama_LOUDSPEAKER_DB/TS_Params/Parametri SB17MFC35-8.xlsx,loudspeaker_databases/dibirama_LOUDSPEAKER_DB/MIDWOOFER_files/sb_acoustics_sb17mfc35-8/SB17MFC35-8 - 0ų R.txt,40.1,5.38,0.41,5.73,,0.2,0.07,120.70160000000001,12.0,1310.0000000000002,27.07,0.6,87.9,60.0,120.0,4.881889763779528,124.0,35.50000000000001,5.5,0.378,87.9,89.3,60.0,120.0,91.13636363636364,6.27
-,SB17NRX2C35-4,Woofer,21.050000000000004,0.39,125.0,4.921259842519685,,loudspeaker_databases/dibirama_LOUDSPEAKER_DB/TS_Params/Parametri SB17NRX2C35-4.xlsx,loudspeaker_databases/dibirama_LOUDSPEAKER_DB/MIDWOOFER_files/sb_acoustics_sb17nrx2c35-4/SB17NRX2C35-4 - 0ų R.txt,41.8,4.71,0.36,3.09,,0.13,0.05,122.65625,14.2,1020.0000000000001,21.050000000000004,0.8,87.9,60.0,120.0,4.921259842519685,125.0,35.50000000000001,5.5,0.375,87.9,92.0,60.0,120.0,107.17948717948717,5.44
-,SCW636,Woofer,9.36,0.49,123.0,4.84251968503937,,loudspeaker_databases/dibirama_LOUDSPEAKER_DB/TS_Params/Parametri SCW636.xlsx,loudspeaker_databases/dibirama_LOUDSPEAKER_DB/MIDWOOFER_files/morel_scw_636/SCW 636 - 0ų R.txt,53.0,2.05,0.4,4.48,,0.3,0.08,118.76265000000002,18.8,470.0,9.36,3.1,86.6,150.0,300.0,4.84251968503937,123.0,75.0,5.0,0.28,86.6,89.1,150.0,300.0,108.16326530612245,7.61
-,SEAS L12RCYP,Woofer,3.3,0.39,80.0,3.1496062992125986,,loudspeaker_databases/dibirama_LOUDSPEAKER_DB/TS_Params/Parametri SEAS L12RCYP.xlsx,loudspeaker_databases/dibirama_LOUDSPEAKER_DB/MIDWOOFER_files/SEAS L12RCYP/L12RCYP - 0ų R.txt,62.3,2.5,0.34,5.25,,0.45000000000000007,0.24000000000000002,50.24000000000001,7.0,920.0,3.3,,85.0,70.0,200.0,3.1496062992125986,80.0,26.000000000000004,3.0,0.195,85.0,86.8,70.0,200.0,,6.1
-,SIG180-4,Woofer,16.39,0.48,135.0,5.31496062992126,,loudspeaker_databases/dibirama_LOUDSPEAKER_DB/TS_Params/Parametri SIG180-4.xlsx,loudspeaker_databases/dibirama_LOUDSPEAKER_DB/MIDWOOFER_files/DAYTON AUDIO SIG180-4/SIG180-4 - 0ų R.txt,52.9,15.2,0.47,3.64,,0.5,0.29,143.06625,16.0,570.0,16.39,0.3,88.9,,160.0,5.31496062992126,135.0,31.8,5.0,0.481,88.9,92.4,,160.0,110.20833333333333,6.35
-,SL713-4,Woofer,1.73,1.7,79.8,3.1417322834645667,,loudspeaker_databases/dibirama_LOUDSPEAKER_DB/TS_Params/Parametri SL713-4.xlsx,loudspeaker_databases/dibirama_LOUDSPEAKER_DB/FULLRANGE_files/visaton_sl713-4/SL713-4 - 0ų R.txt,178.8,8.0,1.4,3.62,,0.15,0.08,49.989114,1.62,790.0,1.73,0.2,89.5,10.0,15.0,3.1417322834645667,79.8,15.0,2.0,0.554,89.5,93.0,10.0,15.0,105.1764705882353,1.97
-,SP-155X,Woofer,3.82,1.67,132.0,5.196850393700788,,loudspeaker_databases/dibirama_LOUDSPEAKER_DB/TS_Params/Parametri SP-155X.xlsx,loudspeaker_databases/dibirama_LOUDSPEAKER_DB/FULLRANGE_files/monacor_sp-155x/SP155X - 0ų R.txt,146.46,3.34,1.1,6.39,,0.43,0.19,136.77839999999998,8.19,140.00000000000003,3.82,2.3,90.5,25.0,50.0,5.196850393700788,132.0,25.500000000000004,1.0,0.684,90.5,91.4,25.0,50.0,87.70059880239522,5.37
-,SPP110-8,Woofer,2.47,0.66,83.0,3.2677165354330713,,loudspeaker_databases/dibirama_LOUDSPEAKER_DB/TS_Params/Parametri SPP110-8.xlsx,loudspeaker_databases/dibirama_LOUDSPEAKER_DB/MIDWOOFER_files/monacor_spp-110-8/SPP-110-8 - 0ų R.txt,89.0,1.95,0.49,6.49,,0.4,0.2,54.07865000000001,5.36,600.0,2.47,1.5,86.1,30.0,60.0,3.2677165354330713,83.0,25.500000000000004,2.0,0.251,86.1,87.0,30.0,60.0,134.84848484848484,5.43
-,TCP115-8,Woofer,2.3600000000000003,0.65,81.0,3.188976377952756,,loudspeaker_databases/dibirama_LOUDSPEAKER_DB/TS_Params/Parametri TCP115-8.xlsx,loudspeaker_databases/dibirama_LOUDSPEAKER_DB/MIDWOOFER_files/dayton_audio_tcp115-8/TCP115-8 - 0ų R.txt,69.0,2.63,0.52,7.53,,1.5500000000000003,0.74,51.50385000000001,8.45,630.0,2.3600000000000003,1.4,82.7,40.0,80.0,3.188976377952756,81.0,25.0,4.0,0.11399999999999999,82.7,82.9,40.0,80.0,106.15384615384615,6.51
-,TiW638Nd,Woofer,22.58,0.36,124.0,4.881889763779528,,loudspeaker_databases/dibirama_LOUDSPEAKER_DB/TS_Params/Parametri TiW638Nd.xlsx,loudspeaker_databases/dibirama_LOUDSPEAKER_DB/MIDWOOFER_files/morel_tiw638nd/TiW638Nd - 0ų R.txt,37.0,3.9,0.33,5.7,,0.58,0.4,120.70160000000001,16.9,1090.0,22.58,1.0,86.9,150.0,300.0,4.881889763779528,124.0,75.0,5.25,0.302,86.9,88.4,150.0,300.0,102.77777777777779,7.89
-,U16RCYP,Woofer,13.000000000000002,0.47,110.0,4.330708661417323,,loudspeaker_databases/dibirama_LOUDSPEAKER_DB/TS_Params/Parametri U16RCYP.xlsx,loudspeaker_databases/dibirama_LOUDSPEAKER_DB/MIDWOOFER_files/seas_u16rcy-p/U16RCYP - 0ų R.txt,48.0,2.5,0.4,5.5,,0.61,0.28,94.985,10.8,1020.0000000000001,13.000000000000002,,86.8,60.0,250.0,4.330708661417323,110.0,26.000000000000004,4.0,0.291,86.8,88.4,60.0,250.0,,6.17
-,U18RNX-P,Woofer,18.55,0.48,127.0,5.0,,loudspeaker_databases/dibirama_LOUDSPEAKER_DB/TS_Params/Parametri U18RNX-P.xlsx,loudspeaker_databases/dibirama_LOUDSPEAKER_DB/MIDWOOFER_files/SEAS U18RNX-P/U18RNX-P - 0ų R.txt,49.2,2.39,0.4,5.92,,0.29,0.22,126.0,12.8,820.0,18.55,1.7,88.5,80.0,250.0,5.0,127.0,39.0,6.0,0.438,88.5,89.8,80.0,250.0,,6.99
-,W12CY003,Woofer,3.55,0.49,79.9,3.1456692913385833,,loudspeaker_databases/dibirama_LOUDSPEAKER_DB/TS_Params/Parametri W12CY003.xlsx,loudspeaker_databases/dibirama_LOUDSPEAKER_DB/MIDWOOFER_files/seas_w12cy003/W12CY003 - 0ų R.txt,66.0,3.0,0.42,5.48,,0.26,0.21000000000000002,50.114478500000004,5.82,1000.0,3.55,0.8,85.1,70.0,200.0,3.1456692913385833,79.9,26.000000000000004,3.0,0.199,85.1,86.7,70.0,200.0,134.69387755102042,5.2
-,W130S-8,Woofer,6.79,0.78,98.0,3.8582677165354333,,loudspeaker_databases/dibirama_LOUDSPEAKER_DB/TS_Params/Parametri W130S-8.xlsx,loudspeaker_databases/dibirama_LOUDSPEAKER_DB/MIDWOOFER_files/visaton_-_w130s-8/W130S - 0ų R.txt,68.8,3.32,0.63,6.0,,0.35,0.17,75.39140000000002,6.08,880.0,6.79,0.8,86.4,50.0,80.0,3.8582677165354333,98.0,25.0,2.2500000000000004,0.27,86.4,87.6,50.0,80.0,88.2051282051282,4.56
-,W130SC-8,Woofer,8.43,0.61,98.0,3.8582677165354333,,loudspeaker_databases/dibirama_LOUDSPEAKER_DB/TS_Params/Parametri W130SC-8.xlsx,loudspeaker_databases/dibirama_LOUDSPEAKER_DB/MIDWOOFER_files/visaton_w130sc-8/W130SC-8 - 0ų R.txt,64.0,2.49,0.49,6.0,,0.39000000000000007,0.17,75.39140000000002,5.9,1050.0000000000002,8.43,1.0,87.5,50.0,80.0,3.8582677165354333,98.0,25.0,2.2500000000000004,0.292,87.5,88.7,50.0,80.0,104.91803278688525,4.83
-,W18EX001,Woofer,22.46,0.34,122.0,4.803149606299213,,loudspeaker_databases/dibirama_LOUDSPEAKER_DB/TS_Params/Parametri W18EX001.xlsx,loudspeaker_databases/dibirama_LOUDSPEAKER_DB/MIDWOOFER_files/seas_w18ex001/W18EX001 - 0ų R.txt,34.7,2.21,0.29,5.7,,0.3,0.19,116.83939999999998,18.1,1160.0,22.46,1.8,86.3,100.0,250.0,4.803149606299213,122.0,39.0,5.0,0.263,86.3,87.8,100.0,250.0,102.05882352941177,8.13
-,W18EX003,Woofer,23.42,0.32,124.0,4.881889763779528,,loudspeaker_databases/dibirama_LOUDSPEAKER_DB/TS_Params/Parametri W18EX003.xlsx,loudspeaker_databases/dibirama_LOUDSPEAKER_DB/MIDWOOFER_files/SEAS W18EX003/W18EX003 - 0ų R.txt,35.1,5.0,0.3,6.1,,0.18,0.1,120.70160000000001,18.1,1140.0,23.42,0.8,86.9,160.0,280.0,4.881889763779528,124.0,39.0,5.0,0.3,86.9,88.1,160.0,280.0,109.6875,8.72
-,W18NX001,Woofer,24.61,0.41,131.0,5.1574803149606305,,loudspeaker_databases/dibirama_LOUDSPEAKER_DB/TS_Params/Parametri W18NX001.xlsx,loudspeaker_databases/dibirama_LOUDSPEAKER_DB/MIDWOOFER_files/seas_w18nx001/W18NX001 - 0ų R.txt,44.0,3.13,0.36,5.75,,0.24000000000000002,0.18,134.71385,13.2,990.0,24.61,,89.2,80.0,250.0,5.1574803149606305,131.0,39.0,7.0,0.507,89.2,90.6,80.0,250.0,,7.18
-,W3-1231SN,Woofer,1.48,0.44,64.0,2.5196850393700787,,loudspeaker_databases/dibirama_LOUDSPEAKER_DB/TS_Params/Parametri W3-1231SN.xlsx,loudspeaker_databases/dibirama_LOUDSPEAKER_DB/FULLRANGE_files/TB W3-1231SN/W3-1231SN - 0ų R.txt,98.0,1.45,0.34,5.62,,0.22,0.13,32.153600000000004,2.6000000000000005,1010.0,1.48,1.1,86.9,15.0,30.0,2.5196850393700787,64.0,25.4,1.25,0.302,86.9,88.5,15.0,30.0,222.72727272727272,4.59
-,W3-1878,Woofer,0.98,0.61,60.0,2.3622047244094486,,loudspeaker_databases/dibirama_LOUDSPEAKER_DB/TS_Params/Parametri W3-1878.xlsx,loudspeaker_databases/dibirama_LOUDSPEAKER_DB/WOOFER_files/CIARE HW320/HW320 - 0ų.txt,106.8,2.69,0.5,6.65,,0.24000000000000002,0.079,28.260000000000005,2.55,870.0,0.98,0.6,84.8,12.0,25.0,2.3622047244094486,60.0,20.4,4.2,0.187,84.8,85.6,12.0,25.0,175.08196721311475,4.32
-,W3-2141,Woofer,1.34,0.55,60.0,2.3622047244094486,,loudspeaker_databases/dibirama_LOUDSPEAKER_DB/TS_Params/Parametri W3-2141.xlsx,loudspeaker_databases/dibirama_LOUDSPEAKER_DB/WOOFER_files/CIARE HW320/HW320 - 0ų.txt,98.5,2.45,0.45,6.63,,0.19,0.078,28.260000000000005,2.2,1189.9999999999998,1.34,0.6,85.6,25.0,50.0,2.3622047244094486,60.0,20.4,1.6,0.22200000000000003,85.6,86.4,25.0,50.0,179.09090909090907,4.05
-,W3-316B,Woofer,1.6,0.53,63.0,2.4803149606299213,,loudspeaker_databases/dibirama_LOUDSPEAKER_DB/TS_Params/Parametri W3-316B.xlsx,loudspeaker_databases/dibirama_LOUDSPEAKER_DB/FULLRANGE_files/tb_speakers_w3-316b/W3-316B - 0ų R.txt,101.0,5.9,0.49,6.75,,0.17,0.15,31.156650000000003,2.38,1160.0,1.6,0.2,86.1,12.0,25.0,2.4803149606299213,63.0,20.4,1.2,0.248,86.1,92.2,12.0,25.0,190.56603773584905,4.14
-,W4-2142,Woofer,2.94,0.6,82.0,3.2283464566929134,,loudspeaker_databases/dibirama_LOUDSPEAKER_DB/TS_Params/Parametri W4-2142.xlsx,loudspeaker_databases/dibirama_LOUDSPEAKER_DB/MIDWOOFER_files/TB W4-1720/W41720 - 0ų R.txt,85.0,2.88,0.5,6.5,,0.29,0.09,52.7834,4.7,750.0,2.94,0.9,86.7,25.0,50.0,3.2283464566929134,82.0,25.4,2.4,0.287,86.7,87.6,25.0,50.0,141.66666666666669,5.21
-,W5-1367A,Woofer,11.58,0.41,110.0,4.330708661417323,,loudspeaker_databases/dibirama_LOUDSPEAKER_DB/TS_Params/Parametri W5-1367A.xlsx,loudspeaker_databases/dibirama_LOUDSPEAKER_DB/MIDWOOFER_files/TB W5-1367A/W5-1367A - 0ų R.txt,58.0,5.0,0.38,6.55,,0.61,0.28,94.985,8.3,910.0,11.58,,89.3,28.0,56.0,4.330708661417323,110.0,26.000000000000004,3.2500000000000004,0.55,89.3,90.2,28.0,56.0,,6.94
-,W5-1880,Woofer,8.39,0.56,105.0,4.133858267716535,,loudspeaker_databases/dibirama_LOUDSPEAKER_DB/TS_Params/Parametri W5-1880.xlsx,loudspeaker_databases/dibirama_LOUDSPEAKER_DB/MIDWOOFER_files/morel_caw_538/CAW538 - 0ų R.txt,71.63,2.27,0.45,6.6,,0.26,0.09,86.54625000000001,6.240000000000001,790.0,8.39,1.2,89.3,30.0,60.0,4.133858267716535,105.0,25.4,5.0,0.524,89.3,90.1,30.0,60.0,127.91071428571426,5.75
-,W5-2143,Woofer,6.720000000000001,0.8,106.0,4.173228346456693,,loudspeaker_databases/dibirama_LOUDSPEAKER_DB/TS_Params/Parametri W5-2143.xlsx,loudspeaker_databases/dibirama_LOUDSPEAKER_DB/MIDWOOFER_files/morel_caw_538/CAW538 - 0ų R.txt,82.5,3.6,0.65,6.8,,0.27,0.09,88.20260000000002,6.1,610.0,6.720000000000001,0.9,88.6,30.0,60.0,4.173228346456693,106.0,25.4,2.5,0.449,88.6,89.3,30.0,60.0,103.125,5.18
-,W5-610SG,Woofer,8.66,0.52,107.0,4.21259842519685,,loudspeaker_databases/dibirama_LOUDSPEAKER_DB/TS_Params/Parametri W5-610SG.xlsx,loudspeaker_databases/dibirama_LOUDSPEAKER_DB/MIDWOOFER_files/TB W5-610SG arc/W5-610SG - 0ų R.txt,52.0,5.6,0.52,6.05,,0.61,0.33,89.87465,12.37,760.0,8.66,0.7,85.2,25.0,50.0,4.21259842519685,107.0,25.4,3.7,0.203,85.2,86.4,25.0,50.0,100.0,6.55
-,W6-2144,Woofer,21.25,0.65,134.0,5.275590551181103,,loudspeaker_databases/dibirama_LOUDSPEAKER_DB/TS_Params/Parametri W6-2144.xlsx,loudspeaker_databases/dibirama_LOUDSPEAKER_DB/MIDWOOFER_files/TB W6-623I/W6-623I - 0ų R.txt,55.2,1.7,0.47,6.85,,0.015000000000000001,0.01,140.9546,11.0,760.0,21.25,2.2,89.3,35.0,70.0,5.275590551181103,134.0,38.5,3.0,0.523,89.3,90.0,35.0,70.0,84.92307692307692,6.34
-,WS17E-8,Woofer,25.18,1.12,98.0,3.8582677165354333,,loudspeaker_databases/dibirama_LOUDSPEAKER_DB/TS_Params/Parametri WS17E-8.xlsx,loudspeaker_databases/dibirama_LOUDSPEAKER_DB/MIDWOOFER_files/visaton_ws17e-8/WS17E-8 - 0ų R.txt,50.7,2.53,0.78,5.92,,0.48000000000000004,0.23,147.41,12.03,700.0,25.18,1.8,86.6,60.0,90.0,3.8582677165354333,98.0,25.0,,0.292,86.6,87.9,60.0,90.0,45.26785714285714,4.5
-,Wavecor WF182BD12,Woofer,27.82,0.37,130.0,5.118110236220473,,loudspeaker_databases/dibirama_LOUDSPEAKER_DB/TS_Params/Parametri Wavecor WF182BD12.xlsx,loudspeaker_databases/dibirama_LOUDSPEAKER_DB/MIDWOOFER_files/wavecor_wf182bd12/WF182BD12 - 0ų R.txt,31.7,8.25,0.35,6.2,,0.25,0.09,132.665,22.57,1120.0000000000002,27.82,,85.7,80.0,160.0,5.118110236220473,130.0,39.0,5.5,0.22999999999999998,85.7,86.8,80.0,160.0,,8.68
-,dichiarati e misurati medi 3FE20,Woofer,1.2,0.43,61.18271211315643,2.4087681934313556,,loudspeaker_databases/dibirama_LOUDSPEAKER_DB/TS_Params/Parametri dichiarati e misurati medi 3FE20.xlsx,loudspeaker_databases/dibirama_LOUDSPEAKER_DB/FULLRANGE_files/Faital 3FE20/3FE20 - 0ų R.txt,110.0,4.64,0.39,6.2,,0.1,,29.4,2.1,969.9999999999999,1.2,,,20.0,40.0,2.4087681934313556,61.18271211315643,,1.83,,,,20.0,40.0,,4.5
-,dichiarati e misurati medi CA15RLY,Woofer,14.0,0.42,100.9253008808064,3.9734370425514336,,loudspeaker_databases/dibirama_LOUDSPEAKER_DB/TS_Params/Parametri dichiarati e misurati medi CA15RLY.xlsx,loudspeaker_databases/dibirama_LOUDSPEAKER_DB/MIDWOOFER_files/Seas CA15RLY/CA15RLY - 0ų R.txt,44.0,1.88,0.34,5.6,,0.82,,80.0,7.7,1700.0,14.0,,,60.0,250.0,3.9734370425514336,100.9253008808064,,5.0,,,87.5,60.0,250.0,,5.5
-,dichiarati e misurati medi CHR70,Woofer,4.2,0.75,80.00359486537879,3.149747829345622,,loudspeaker_databases/dibirama_LOUDSPEAKER_DB/TS_Params/Parametri dichiarati e misurati medi CHR70.xlsx,loudspeaker_databases/dibirama_LOUDSPEAKER_DB/FULLRANGE_files/Mark Audio CHR70/CHR70 - 0ų R.txt,68.0,2.0,0.55,3.6,,0.24000000000000002,,50.27,4.68,1170.0,4.2,,,20.0,,3.149747829345622,80.00359486537879,,4.500000000000001,,,,20.0,,,3.09
-,dichiarati e misurati medi ER15RLY,Woofer,9.45,0.53,101.0,3.976377952755906,,loudspeaker_databases/dibirama_LOUDSPEAKER_DB/TS_Params/Parametri dichiarati e misurati medi ER15RLY.xlsx,loudspeaker_databases/dibirama_LOUDSPEAKER_DB/MIDWOOFER_files/seas_er15rly/ER15RLY - 0ų.txt,55.5,2.07,0.42,5.5,,0.44,0.23,80.07785,7.9,1040.0000000000002,9.45,,86.7,60.0,250.0,3.976377952755906,101.0,26.000000000000004,5.0,0.22999999999999998,86.7,88.4,60.0,250.0,,5.35
-,dichiarati e misurati medi FRS8,Woofer,1.14,0.43,62.95809738798525,2.478665251495482,,loudspeaker_databases/dibirama_LOUDSPEAKER_DB/TS_Params/Parametri dichiarati e misurati medi FRS8.xlsx,loudspeaker_databases/dibirama_LOUDSPEAKER_DB/FULLRANGE_files/Visaton FRS8/FRS8 - 0ų R.txt,115.7,3.05,0.37,5.85,,190.0,,31.131,2.4,780.0000000000001,1.14,,,20.0,40.0,2.478665251495482,62.95809738798525,,1.83,,,,20.0,40.0,,4.89
-,dichiarati e misurati medi FRS8_2,Woofer,0.9000000000000001,1.32,62.825493143142175,2.4734446119347315,,loudspeaker_databases/dibirama_LOUDSPEAKER_DB/TS_Params/Parametri dichiarati e misurati medi FRS8_2.xlsx,loudspeaker_databases/dibirama_LOUDSPEAKER_DB/FULLRANGE_files/Visaton FRS8/FRS8 - 0ų R.txt,120.0,4.85,1.04,7.2,,0.9000000000000001,,31.000000000000004,2.5,,0.9000000000000001,,,30.0,50.0,2.4734446119347315,62.825493143142175,,2.5,,,,30.0,50.0,,3.2
-,dichiarati e misurati medi HX132,Woofer,6.78,0.73,102.98585052153477,4.054561044154912,,loudspeaker_databases/dibirama_LOUDSPEAKER_DB/TS_Params/Parametri dichiarati e misurati medi HX132.xlsx,loudspeaker_databases/dibirama_LOUDSPEAKER_DB/FULLRANGE_files/ciare_hx132/HX132 - R 0ų.txt,86.7,1.96,0.53,6.8,,,,83.30000000000001,4.84,690.0,6.78,,91.0,40.0,80.0,4.054561044154912,102.98585052153477,,1.0,,91.0,,40.0,80.0,,4.95
-,dichiarati e misurati medi P610S,Woofer,29.24,1.61,136.96526901693144,5.392333425863443,,loudspeaker_databases/dibirama_LOUDSPEAKER_DB/TS_Params/Parametri dichiarati e misurati medi P610S.xlsx,loudspeaker_databases/dibirama_LOUDSPEAKER_DB/FULLRANGE_files/Orgue Diatone P610S/P610S - 0ų R.txt,73.7,2.82,1.02,6.15,,35.0,,147.33665,4.9,950.0,29.24,,90.5,12.0,25.0,5.392333425863443,136.96526901693144,,2.0,0.69,90.5,91.7,12.0,25.0,,2.94
-,dichiarati e misurati medi SPH100C,Woofer,6.0,0.5,82.91859587312052,3.264511648548052,,loudspeaker_databases/dibirama_LOUDSPEAKER_DB/TS_Params/Parametri dichiarati e misurati medi SPH100C.xlsx,loudspeaker_databases/dibirama_LOUDSPEAKER_DB/MIDWOOFER_files/monacor_sph-100c/SPH-100C - 1m 0ų R.txt,50.0,3.53,0.44,6.0,,,,54.0,7.0,1450.0,6.0,,,30.0,50.0,3.264511648548052,82.91859587312052,,4.0,,,,30.0,50.0,,5.1
-,dichiarati e misurati medi SPH165KEP,Woofer,38.0,0.33,127.16187407449046,5.006372995058679,,loudspeaker_databases/dibirama_LOUDSPEAKER_DB/TS_Params/Parametri dichiarati e misurati medi SPH165KEP.xlsx,loudspeaker_databases/dibirama_LOUDSPEAKER_DB/MIDWOOFER_files/Monacor SPH165KEP - DA COMPLETARE/SPH165KEP - 0ų R.txt,30.0,4.85,0.31,6.0,,0.7,,127.00000000000001,17.0,1710.0,38.0,,89.0,60.0,100.0,5.006372995058679,127.16187407449046,,4.75,,89.0,,60.0,100.0,,7.6
-,dichiarati e misurati medi SPH30X8,Woofer,1.13,0.49,61.80387232371033,2.4332233198311157,,loudspeaker_databases/dibirama_LOUDSPEAKER_DB/TS_Params/Parametri dichiarati e misurati medi SPH30X8.xlsx,loudspeaker_databases/dibirama_LOUDSPEAKER_DB/FULLRANGE_files/Monacor SPH30X8/SPH30X8 - 0ų R.txt,105.0,8.59,0.46,5.7,,0.5,,30.0,2.65,900.0000000000001,1.13,,87.0,20.0,50.0,2.4332233198311157,61.80387232371033,,2.0,,87.0,,20.0,50.0,,4.48
-,dichiarati e misurati medi SPH60X,Woofer,9.000000000000002,0.53,100.9253008808064,3.9734370425514336,,loudspeaker_databases/dibirama_LOUDSPEAKER_DB/TS_Params/Parametri dichiarati e misurati medi SPH60X.xlsx,loudspeaker_databases/dibirama_LOUDSPEAKER_DB/FULLRANGE_files/monacor_sph60x/SPH60X - 0ų R.txt,60.0,2.17,0.42,6.2,,,,80.0,5.9,1189.9999999999998,9.000000000000002,,89.0,30.0,60.0,3.9734370425514336,100.9253008808064,,1.3000000000000003,,89.0,,30.0,60.0,,5.1
-,dichiarati e misurati medi W41720,Woofer,5.92,0.51,85.19075891779829,3.3539668865274916,,loudspeaker_databases/dibirama_LOUDSPEAKER_DB/TS_Params/Parametri dichiarati e misurati medi W41720.xlsx,loudspeaker_databases/dibirama_LOUDSPEAKER_DB/MIDWOOFER_files/TB W4-1720/W41720 - 0ų R.txt,60.0,2.33,0.42,3.8,,0.037,,57.0,5.0,1284.0,5.92,,86.0,30.0,60.0,3.3539668865274916,85.19075891779829,,5.0,,86.0,,30.0,60.0,,3.82
-,dsa135-8,Woofer,7.680000000000001,0.47,98.0,3.8582677165354333,,loudspeaker_databases/dibirama_LOUDSPEAKER_DB/TS_Params/Parametri dsa135-8.xlsx,loudspeaker_databases/dibirama_LOUDSPEAKER_DB/MIDWOOFER_files/dayton_audio_dsa135-8/DSA135-8 - 0ų.txt,50.5,2.4,0.39,6.0,,0.5300000000000001,0.29,75.39140000000002,10.400000000000002,960.0,7.680000000000001,1.4,85.1,50.0,100.0,3.8582677165354333,98.0,25.4,4.9,0.2,85.1,86.4,50.0,100.0,107.4468085106383,6.49
-,misurati A130II,Woofer,6.0,0.8,107.97262083086568,4.25089058389235,,loudspeaker_databases/dibirama_LOUDSPEAKER_DB/TS_Params/Parametri misurati A130II.xlsx,loudspeaker_databases/dibirama_LOUDSPEAKER_DB/MIDWOOFER_files/Bewith Accurate A130II/A130II - 0ų R.txt,64.0,5.7,0.7,3.55,,212.0,,91.56240000000001,12.0,500.0,6.0,,84.8,120.0,,4.25089058389235,107.97262083086568,,,0.19,84.8,88.3,120.0,,,4.7
-,misurati medi A50II,Woofer,0.34,0.5,51.986817437083474,2.0467250959481684,,loudspeaker_databases/dibirama_LOUDSPEAKER_DB/TS_Params/Parametri misurati medi A50II.xlsx,loudspeaker_databases/dibirama_LOUDSPEAKER_DB/FULLRANGE_files/Bewith Accurate A50II/R - A50II IEC 0ų.txt,178.5,3.3,0.43,3.71,,27.0,,21.2264,1.5,530.0000000000001,0.34,,88.0,50.0,,2.0467250959481684,51.986817437083474,,,0.366,88.0,91.0,50.0,,,3.5
-,RS180-4,Woofer,22.12,0.59,123.0,4.84251968503937,,loudspeaker_databases/dibirama_LOUDSPEAKER_DB/TS_Params/RS180-4 Parametri.xlsx,loudspeaker_databases/dibirama_LOUDSPEAKER_DB/MIDWOOFER_files/dayton_audio_rs180-8/RS180-8 - 0ų R.txt,37.0,2.34,0.47,2.98,,0.35,0.15,118.76265000000002,16.7,1110.0,22.12,1.7,84.7,60.0,120.0,4.84251968503937,123.0,38.0,6.0,0.181,84.7,89.0,60.0,120.0,62.71186440677966,4.43
-,SPH-130AL,Woofer,9.36,0.43,100.0,3.937007874015748,,loudspeaker_databases/dibirama_LOUDSPEAKER_DB/TS_Params/SPH-130AL parametri.xlsx,loudspeaker_databases/dibirama_LOUDSPEAKER_DB/MIDWOOFER_files/monacor_sph-130al/SPH-130AL - 0ų R.txt,52.8,5.87,0.4,6.23,,0.63,0.32,78.50000000000001,8.47,1070.0,9.36,0.5,87.0,50.0,100.0,3.937007874015748,100.0,25.0,2.3,0.305,87.0,88.0,50.0,100.0,122.7906976744186,6.38
-,W170S -,Woofer,25.64,0.86,128.0,5.039370078740157,,loudspeaker_databases/dibirama_LOUDSPEAKER_DB/TS_Params/W170S - parametri.xlsx,loudspeaker_databases/dibirama_LOUDSPEAKER_DB/MIDWOOFER_files/visaton_w170s-8/W170S - 0ų R.txt,43.9,3.75,0.7,6.27,,0.52,0.27,128.61440000000002,12.0,1100.0,25.64,0.9,85.9,50.0,80.0,5.039370078740157,128.0,25.0,4.25,0.24,85.9,87.0,50.0,80.0,51.04651162790697,4.91
-,5MDN38-8,Woofer,1.25,0.42,103.00000000000001,4.055118110236221,,loudspeaker_databases/dibirama_LOUDSPEAKER_DB/TS_Params/5MDN38-8 parametri.xlsx,,165.2,2.8,0.37,5.42,,0.04,0.02,83.28065000000002,7.3,130.00000000000003,1.25,2.7,93.2,100.0,200.0,4.055118110236221,103.00000000000001,38.0,3.5,1.275,93.2,94.9,100.0,200.0,393.3333333333333,9.89
-,605Nd,Woofer,2.03,0.53,127.0,5.0,,loudspeaker_databases/dibirama_LOUDSPEAKER_DB/TS_Params/605Nd parametri.xlsx,,177.4,10.0,0.5,5.1,,0.35,0.2,126.61265000000002,9.000000000000002,89.99999999999999,2.03,1.0,95.2,,,5.0,127.0,38.5,1.0,2.049,95.2,97.2,,,334.7169811320755,9.86
-,6ND410-8,Woofer,1.82,0.64,135.0,5.31496062992126,,loudspeaker_databases/dibirama_LOUDSPEAKER_DB/TS_Params/6ND410-8 parametri.xlsx,,201.0,5.55,0.57,5.65,,0.3,0.14,143.06625,10.0,60.0,1.82,2.3,95.5,,,5.31496062992126,135.0,44.0,2.0,2.194,95.5,97.0,,,314.0625,10.56
-,6ND430-16,Woofer,10.62,0.32,130.0,5.118110236220473,,loudspeaker_databases/dibirama_LOUDSPEAKER_DB/TS_Params/6ND430-16parametri.xlsx,,69.5,4.2,0.3,11.3,,0.47,0.35,132.665,12.3,430.0,10.62,1.3,92.4,260.0,500.0,5.118110236220473,130.0,44.0,5.0,1.06,92.4,90.9,260.0,500.0,217.1875,13.77
-,Monacor MSH-115,Woofer,1.83,0.84,83.0,3.2677165354330713,,loudspeaker_databases/dibirama_LOUDSPEAKER_DB/TS_Params/Monacor MSH-115 parametri.xlsx,,114.0,2.79,0.65,6.25,,0.31,0.18,54.07865000000001,4.4,440.0,1.83,1.1,87.0,50.0,120.0,3.2677165354330713,83.0,25.0,1.5,0.308,87.0,88.1,50.0,120.0,135.71428571428572,4.84
-,Monacor MSH-115HQ,Woofer,1.3100000000000003,0.92,83.0,3.2677165354330713,,loudspeaker_databases/dibirama_LOUDSPEAKER_DB/TS_Params/Monacor MSH-115HQ parametri.xlsx,,113.0,3.05,0.71,5.77,,0.52,0.25,54.07865000000001,6.25,320.0,1.3100000000000003,1.5,85.0,50.0,100.0,3.2677165354330713,83.0,25.0,3.0,0.196,85.0,86.5,50.0,100.0,122.82608695652173,5.28
-,Monacor MSH-116-4,Woofer,1.9200000000000002,0.71,83.0,3.2677165354330713,,loudspeaker_databases/dibirama_LOUDSPEAKER_DB/TS_Params/Monacor MSH-116-4 parametri.xlsx,,109.0,2.65,0.56,3.25,,0.19,0.11,54.07865000000001,4.6,460.0,1.9200000000000002,1.2,87.3,40.0,120.0,3.2677165354330713,83.0,25.0,1.0,0.333,87.3,91.3,40.0,120.0,153.5211267605634,3.8
-,12M4631G00,Woofer,2.5,0.38,82.0,3.2283464566929134,,loudspeaker_databases/dibirama_LOUDSPEAKER_DB/TS_Params/Parametri 12M4631G00.xlsx,,78.0,4.3,0.35,3.3,,0.15,0.13,52.7834,6.57,630.0,2.5,0.7,86.8,40.0,80.0,3.2283464566929134,82.0,38.0,3.0,0.297,86.8,90.7,40.0,80.0,205.26315789473685,5.29
-,15i521206sdkm,Woofer,3.03,0.5,114.0,4.488188976377953,,loudspeaker_databases/dibirama_LOUDSPEAKER_DB/TS_Params/Parametri 15i521206sdkm.xlsx,,106.3,5.15,0.46,5.48,,0.12000000000000001,0.07,102.01860000000002,10.9,210.0,3.03,1.4,90.5,120.0,240.0,4.488188976377953,114.0,52.00000000000001,3.5,0.693,90.5,92.2,120.0,240.0,212.6,8.93
-,4FE352-16,Woofer,2.4900000000000007,0.9,81.0,3.188976377952756,,loudspeaker_databases/dibirama_LOUDSPEAKER_DB/TS_Params/Parametri 4FE352-16.xlsx,,100.89,4.3,0.74,11.84,,0.07,0.17,51.50385000000001,3.75,660.0,2.4900000000000007,0.6,86.4,30.0,60.0,3.188976377952756,81.0,19.0,1.83,0.271,86.4,84.0,30.0,60.0,112.1,5.59
-,4L11SL-8,Woofer,1.36,0.51,81.0,3.188976377952756,,loudspeaker_databases/dibirama_LOUDSPEAKER_DB/TS_Params/Parametri 4L11SL-8.xlsx,,134.0,2.25,0.42,5.57,,0.16,0.13,51.50385000000001,3.9,359.99999999999994,1.36,1.5,90.0,70.0,140.0,3.188976377952756,81.0,25.0,2.5,0.61,90.0,91.5,70.0,140.0,262.7450980392157,5.99
-,5M1.5PL-8,Woofer,2.83,0.55,105.0,4.133858267716535,,loudspeaker_databases/dibirama_LOUDSPEAKER_DB/TS_Params/Parametri 5M1.5PL-8.xlsx,,128.0,3.1,0.47,5.96,,0.09,0.05,86.54625000000001,5.8,270.0,2.83,1.5,92.2,100.0,200.0,4.133858267716535,105.0,38.0,1.8000000000000003,1.026,92.2,93.5,100.0,200.0,232.72727272727272,7.11
-,6HX150,Woofer,3.3400000000000003,0.38,127.0,5.0,,loudspeaker_databases/dibirama_LOUDSPEAKER_DB/TS_Params/Parametri 6HX150.xlsx,,109.0,8.4,0.36,5.5,,0.45000000000000007,0.25,126.61265000000002,14.5,150.0,3.3400000000000003,1.2,92.5,150.0,300.0,5.0,127.0,52.00000000000001,4.35,1.082,92.5,94.1,150.0,300.0,286.8421052631579,11.99
-,6PR122-8,Woofer,3.26,0.47,132.0,5.196850393700788,,loudspeaker_databases/dibirama_LOUDSPEAKER_DB/TS_Params/Parametri 6PR122-8.xlsx,,138.0,2.7,0.4,5.92,,0.1,0.14,136.77839999999998,10.8,120.0,3.26,3.5,94.5,120.0,240.0,5.196850393700788,132.0,37.0,2.75,1.736,94.5,95.8,120.0,240.0,293.6170212765958,10.86
-,6PR160,Woofer,5.07,0.32,123.0,4.84251968503937,,loudspeaker_databases/dibirama_LOUDSPEAKER_DB/TS_Params/Parametri 6PR160.xlsx,,92.2,5.9,0.3,5.83,,0.3,0.14,118.76265000000002,11.73,250.0,5.07,1.2,92.8,120.0,240.0,4.84251968503937,123.0,37.0,5.0,1.182,92.8,94.2,120.0,240.0,288.125,11.13
-,AL130M,Woofer,14.41,0.4,102.00000000000001,4.015748031496063,,loudspeaker_databases/dibirama_LOUDSPEAKER_DB/TS_Params/Parametri AL130M.xlsx,,45.8,3.74,0.36,5.43,,0.16,0.060000000000000005,81.67139999999999,7.91,1530.0,14.41,0.4,87.3,60.0,90.0,4.015748031496063,102.00000000000001,25.0,5.5,0.329,87.3,89.0,60.0,90.0,114.49999999999999,5.56
-,AUDAX HM100Z0,Woofer,1.33,0.47,82.0,3.2283464566929134,,loudspeaker_databases/dibirama_LOUDSPEAKER_DB/TS_Params/Parametri AUDAX HM100Z0.xlsx,,146.0,3.17,0.41,6.28,,0.23,0.22,52.00000000000001,3.53,340.0,1.33,1.0,91.3,40.0,80.0,3.2283464566929134,82.0,25.0,1.25,0.8369999999999999,91.3,92.4,40.0,80.0,,6.58
-,Audax PR170M0,Woofer,6.56,0.45,130.0,5.118110236220473,,loudspeaker_databases/dibirama_LOUDSPEAKER_DB/TS_Params/Parametri Audax PR170M0.xlsx,,107.0,2.17,0.37270992366412214,5.6,,0.34,0.23,132.665,8.4,260.00000000000006,6.56,,94.4,100.0,,5.118110236220473,130.0,40.0,0.5,0.22999999999999998,94.4,96.0,100.0,,,8.38
-,CX120-8,Woofer,2.63,0.56,80.0,3.1496062992125986,,loudspeaker_databases/dibirama_LOUDSPEAKER_DB/TS_Params/Parametri CX120-8.xlsx,,83.0,2.66,0.46,6.18,,0.4,0.21000000000000002,50.24000000000001,5.0,740.0,2.63,1.0,86.2,40.0,,3.1496062992125986,80.0,25.0,3.0,0.255,86.2,87.3,40.0,,148.2142857142857,5.36
-,CX150-8,Woofer,6.12,0.42,101.8,4.0078740157480315,,loudspeaker_databases/dibirama_LOUDSPEAKER_DB/TS_Params/Parametri CX150-8.xlsx,,53.3,4.2,0.38,6.21,,0.85,0.48000000000000004,81.351434,13.64,650.0000000000001,6.12,1.1,85.3,80.0,160.0,4.0078740157480315,101.8,38.0,5.0,0.21,85.3,86.4,80.0,160.0,126.9047619047619,8.22
-,CXPA-4,Woofer,0.72,0.83,81.0,3.188976377952756,,loudspeaker_databases/dibirama_LOUDSPEAKER_DB/TS_Params/Parametri CXPA-4.xlsx,,157.9,5.0,0.71,5.64,,0.48000000000000004,0.31,51.50385000000001,5.3,190.0,0.72,0.19,88.7,100.0,200.0,3.188976377952756,81.0,38.0,2.75,0.325,88.7,87.2,100.0,200.0,190.2409638554217,5.98
-,Ciare PNCI 6.38 MR,Woofer,3.39,0.51,137.0,5.393700787401575,,loudspeaker_databases/dibirama_LOUDSPEAKER_DB/TS_Params/Parametri Ciare PNCI 6.38 MR.xlsx,,138.4,4.2,0.45,4.9,,0.24000000000000002,0.05,147.33665,12.0,110.0,3.39,2.5,94.4,,,5.393700787401575,137.0,38.0,2.5,1.675,94.4,96.5,,,271.37254901960785,10.0
-,HM100C0,Woofer,5.17,0.2,80.0,3.1496062992125986,,loudspeaker_databases/dibirama_LOUDSPEAKER_DB/TS_Params/Parametri HM100C0.xlsx,,54.0,4.5,0.19,5.9,,0.14,0.3,50.24000000000001,6.0,1450.0,5.17,0.5,88.0,40.0,80.0,3.1496062992125986,80.0,25.0,1.8000000000000003,0.338,88.0,8.3,40.0,80.0,270.0,7.75
-,HM130Z0,Woofer,8.09,0.27,101.0,3.976377952755906,,loudspeaker_databases/dibirama_LOUDSPEAKER_DB/TS_Params/Parametri HM130Z0.xlsx,,70.0,5.9,0.26,5.97,,0.2,0.32,80.07785,5.9,890.0000000000001,8.09,0.4,92.0,50.0,100.0,3.976377952755906,101.0,25.0,2.0,0.9780000000000001,92.0,93.3,50.0,100.0,259.25925925925924,7.51
-,HSG160-44,Woofer,12.25,0.31,127.0,5.0,,loudspeaker_databases/dibirama_LOUDSPEAKER_DB/TS_Params/Parametri HSG160-44.xlsx,,42.9,5.9,0.29,5.48,,1.2,0.58,126.61265000000002,25.500000000000004,520.0000000000001,12.25,1.2,86.8,220.0,,5.0,127.0,50.0,5.5,0.297,86.8,88.5,220.0,,138.38709677419354,11.02
-,MCA15RCY,Woofer,10.45,0.37,103.00000000000001,4.055118110236221,,loudspeaker_databases/dibirama_LOUDSPEAKER_DB/TS_Params/Parametri MCA15RCY.xlsx,,57.5,2.0,0.31,5.7,,0.37,0.21000000000000002,75.0,7.200000000000001,1060.0000000000002,10.45,1.3,89.2,100.0,300.0,4.055118110236221,103.00000000000001,26.000000000000004,1.7,0.51,89.2,90.7,100.0,300.0,155.40540540540542,6.33
-,MR13PNW-8,Woofer,9.68,0.34,97.0,3.818897637795276,,loudspeaker_databases/dibirama_LOUDSPEAKER_DB/TS_Params/Parametri MR13PNW-8.xlsx,,51.9,4.6,0.32,6.69,,0.16,0.060000000000000005,73.86064999999999,7.200000000000001,1250.0,9.68,0.5,88.1,30.0,60.0,3.818897637795276,97.0,30.5,3.0,0.395,88.1,88.9,30.0,60.0,152.6470588235294,6.8
-,P830656,Woofer,8.85,0.7,105.0,4.133858267716535,,loudspeaker_databases/dibirama_LOUDSPEAKER_DB/TS_Params/Parametri P830656.xlsx,,58.4,2.51,0.55,5.84,,0.57,0.28,86.54625000000001,8.9,830.0,8.85,1.3,85.9,,120.0,4.133858267716535,105.0,25.8,5.460000000000001,0.24,85.9,87.3,,120.0,83.42857142857143,5.22
-,PLUVIA 7HD,Woofer,3.54,0.77,77.0,3.031496062992126,,loudspeaker_databases/dibirama_LOUDSPEAKER_DB/TS_Params/Parametri PLUVIA 7HD.xlsx,,73.1,3.0,0.61,5.54,,0.17,0.04,46.54265000000001,4.1,1160.0,3.54,0.6,84.4,20.0,40.0,3.031496062992126,77.0,,,0.171,84.4,86.0,20.0,40.0,94.93506493506493,3.68
-,PM160,Woofer,11.26,0.68,131.0,5.1574803149606305,,loudspeaker_databases/dibirama_LOUDSPEAKER_DB/TS_Params/Parametri PM160.xlsx,,78.0,5.5,0.61,5.95,,0.23,0.060000000000000005,134.71385,9.5,440.0,11.26,,90.9,60.0,120.0,5.1574803149606305,131.0,38.0,3.2500000000000004,0.748,90.9,92.1,60.0,120.0,,6.38
-,SB15MFC30-8,Woofer,16.260000000000005,0.39,107.0,4.21259842519685,,loudspeaker_databases/dibirama_LOUDSPEAKER_DB/TS_Params/Parametri SB15MFC30-8.xlsx,,44.0,4.2,0.36,5.63,,0.2,0.07,89.87465,9.2,1420.0,16.260000000000005,0.6,87.4,50.0,100.0,4.21259842519685,107.0,30.5,5.0,0.338,87.4,88.9,50.0,100.0,112.82051282051282,6.06
-,SB15NBAC30-8,Woofer,15.69,0.4,105.0,4.133858267716535,,loudspeaker_databases/dibirama_LOUDSPEAKER_DB/TS_Params/Parametri SB15NBAC30-8.xlsx,,42.44,4.2,0.37,5.53,,0.56,0.26,86.54625000000001,9.5,1480.0,15.69,0.6,86.7,50.0,100.0,4.133858267716535,105.0,30.5,4.500000000000001,0.285,86.7,88.3,50.0,100.0,106.1,5.92
-,W3-871SC,Woofer,0.75,0.95,60.400000000000006,2.377952755905512,,loudspeaker_databases/dibirama_LOUDSPEAKER_DB/TS_Params/Parametri W3-871SC.xlsx,,133.13,6.25,0.82,6.5,,0.21000000000000002,0.14,28.638056000000002,2.2,650.0000000000001,0.75,0.3,84.6,12.0,25.0,2.377952755905512,60.400000000000006,18.000000000000004,0.5,0.178,84.6,85.5,12.0,25.0,140.13684210526316,3.55
-,W5-1138SMF,Woofer,3.45,0.8,105.0,4.133858267716535,,loudspeaker_databases/dibirama_LOUDSPEAKER_DB/TS_Params/Parametri W5-1138SMF.xlsx,,55.8,4.82,0.69,3.5,,1.13,0.5300000000000001,86.54625000000001,25.0,330.0,3.45,1.77,80.6,40.0,80.0,4.133858267716535,105.0,32.0,9.25,0.071,80.6,84.2,40.0,80.0,69.74999999999999,6.19
-,dichiarati e misurati medi M15CH002,Woofer,6.0,0.52,97.720502380584,3.8472638732513387,,loudspeaker_databases/dibirama_LOUDSPEAKER_DB/TS_Params/Parametri dichiarati e misurati medi M15CH002.xlsx,,67.0,1.7,0.4,4.9,,,,75.0,6.75,800.0,6.0,,,70.0,200.0,3.8472638732513387,97.720502380584,,3.0,,,88.5,70.0,200.0,,5.3
-,Scan 12MU4731T00,Woofer,3.0,0.35,86.0,3.3858267716535435,,loudspeaker_databases/dibirama_LOUDSPEAKER_DB/TS_Params/Scan 12MU4731T00 parametri.xlsx,,84.0,3.8,0.32,3.1,,1.3000000000000003,0.52,58.058600000000006,5.7,630.0,3.0,0.8,89.0,80.0,150.0,3.3858267716535435,86.0,32.0,3.5,0.484,89.0,93.1,80.0,150.0,240.00000000000003,5.16
-,W6-1139SIF -,Woofer,12.43,0.47,125.0,4.921259842519685,,loudspeaker_databases/dibirama_LOUDSPEAKER_DB/TS_Params/W6-1139SIF - Parametri.xlsx,,33.35,4.2,0.42,3.59,,1.8000000000000003,0.7,122.65625,39.0,580.0,12.43,1.9,81.8,50.0,100.0,4.921259842519685,125.0,38.5,11.5,0.094,81.8,85.3,50.0,100.0,70.95744680851064,7.93
